[2026-05-12 05:23:58] [DRY-RUN] Memulai cleanup. Max-age: 3600 detik (60 menit).
[2026-05-12 05:23:58] [DRY-RUN] Akan dihapus: doc_69faeaa6bf21a0.25641435.docx (usia: 511688d, ukuran: 107.98 KB)
[2026-05-12 05:23:58] [DRY-RUN] Akan dihapus: doc_69faeab4e2ac04.11647530.xlsx (usia: 511674d, ukuran: 2.57 KB)
[2026-05-12 05:23:58] [DRY-RUN] Akan dihapus: doc_69fb4c49734b04.00969933.docx (usia: 486693d, ukuran: 21.82 KB)
[2026-05-12 05:23:58] [DRY-RUN] Akan dihapus: doc_69fb4ef92e1193.96744027.docx (usia: 486005d, ukuran: 21.82 KB)
[2026-05-12 05:23:58] [DRY-RUN] Akan dihapus: doc_69fb504619fd01.57495198.pdf (usia: 485672d, ukuran: 134.08 KB)
[2026-05-12 05:23:58] [DRY-RUN] Akan dihapus: doc_69fb5bf1e8cc24.87882134.pdf (usia: 482685d, ukuran: 916.6 KB)
[2026-05-12 05:23:58] [DRY-RUN] Akan dihapus: doc_69fb5d75a35e06.46133073.pdf (usia: 482297d, ukuran: 187.59 KB)
[2026-05-12 05:23:58] [DRY-RUN] Akan dihapus: doc_69fb5e6f645ca7.29617029.pdf (usia: 482047d, ukuran: 175.93 KB)
[2026-05-12 05:23:58] [DRY-RUN] Akan dihapus: doc_69fb5e9fe2e918.90575908.pdf (usia: 481999d, ukuran: 187.59 KB)
[2026-05-12 05:23:58] [DRY-RUN] Akan dihapus: doc_69fb5efd9d9ad1.31574434.pdf (usia: 481905d, ukuran: 187.59 KB)
[2026-05-12 05:23:58] [DRY-RUN] Akan dihapus: doc_69fb6101e42806.34681877.pdf (usia: 481389d, ukuran: 187.59 KB)
[2026-05-12 05:23:58] [DRY-RUN] Akan dihapus: doc_69fb6385ad2215.61007588.pdf (usia: 480745d, ukuran: 187.59 KB)
[2026-05-12 05:23:58] [DRY-RUN] Akan dihapus: doc_69fb64139d0268.26690495.pdf (usia: 480603d, ukuran: 187.59 KB)
[2026-05-12 05:23:58] [DRY-RUN] Akan dihapus: doc_69fb647a11a949.75609204.pdf (usia: 480500d, ukuran: 149.98 KB)
[2026-05-12 05:23:58] [DRY-RUN] Akan dihapus: doc_69fb66b394d690.08599244.pdf (usia: 479931d, ukuran: 175.93 KB)
[2026-05-12 05:23:58] [DRY-RUN] Akan dihapus: doc_69fb670fa5d4c5.50247369.pdf (usia: 479839d, ukuran: 175.93 KB)
[2026-05-12 05:23:58] [DRY-RUN] Akan dihapus: doc_69fb67fdc8f473.01308532.pdf (usia: 479601d, ukuran: 175.93 KB)
[2026-05-12 05:23:58] [DRY-RUN] Akan dihapus: doc_69fb68ded0e639.94711964.pdf (usia: 479376d, ukuran: 567.01 KB)
[2026-05-12 05:23:58] [DRY-RUN] Akan dihapus: doc_69fb690e985bf9.89010009.docx (usia: 479328d, ukuran: 33.86 KB)
[2026-05-12 05:23:58] [DRY-RUN] Akan dihapus: doc_69fbdc59afd1a5.49155971.xlsx (usia: 449813d, ukuran: 7.96 KB)
[2026-05-12 05:23:58] [DRY-RUN] Akan dihapus: doc_69fbefee5aead6.60621461.docx (usia: 444800d, ukuran: 33.86 KB)
[2026-05-12 05:23:58] [DRY-RUN] Akan dihapus: doc_69fbf0a1e4e911.26828158.docx (usia: 444621d, ukuran: 81.01 KB)
[2026-05-12 05:23:58] [DRY-RUN] Akan dihapus: doc_69fbf5ec9b9853.32167503.docx (usia: 443266d, ukuran: 216.03 KB)
[2026-05-12 05:23:58] [DRY-RUN] Akan dihapus: doc_69fbf7b522e4e5.78912096.docx (usia: 442809d, ukuran: 33.86 KB)
[2026-05-12 05:23:58] [DRY-RUN] Akan dihapus: doc_69fbf8e6654933.01060527.docx (usia: 442504d, ukuran: 216 KB)
[2026-05-12 05:23:58] [DRY-RUN] Akan dihapus: doc_69fbfe0751ea47.51160298.pdf (usia: 441191d, ukuran: 175.93 KB)
[2026-05-12 05:23:58] [DRY-RUN] Akan dihapus: doc_69fbfe2ccdfd21.92879872.pdf (usia: 441154d, ukuran: 175.93 KB)
[2026-05-12 05:23:58] [DRY-RUN] Akan dihapus: doc_69fbfe6a40e5d2.94305879.pdf (usia: 441092d, ukuran: 175.93 KB)
[2026-05-12 05:23:58] [DRY-RUN] Akan dihapus: doc_69fc01ce8cd545.76793082.png (usia: 440224d, ukuran: 178.8 KB)
[2026-05-12 05:23:58] [DRY-RUN] Akan dihapus: doc_69fc02177cf988.80007542.pdf (usia: 440151d, ukuran: 55.31 KB)
[2026-05-12 05:23:58] [DRY-RUN] Akan dihapus: doc_69fc09c31b4080.82080957.docx (usia: 438187d, ukuran: 216 KB)
[2026-05-12 05:23:58] [DRY-RUN] Akan dihapus: doc_69fc09e128c514.92549241.pdf (usia: 438157d, ukuran: 398.91 KB)
[2026-05-12 05:23:58] [DRY-RUN] Akan dihapus: doc_69fc1033a04df1.84610551.docx (usia: 436539d, ukuran: 350.58 KB)
[2026-05-12 05:23:58] [DRY-RUN] Akan dihapus: doc_69fc11392980b7.28302917.docx (usia: 436277d, ukuran: 16.91 KB)
[2026-05-12 05:23:58] [DRY-RUN] Akan dihapus: doc_69fc1364bee181.09771318.docx (usia: 435722d, ukuran: 350.36 KB)
[2026-05-12 05:23:58] [DRY-RUN] Akan dihapus: doc_69fc15437433e7.86613310.docx (usia: 435243d, ukuran: 350.49 KB)
[2026-05-12 05:23:58] [DRY-RUN] Akan dihapus: doc_69fc15b1d92713.45322680.docx (usia: 435133d, ukuran: 350.51 KB)
[2026-05-12 05:23:58] [DRY-RUN] Akan dihapus: doc_69fc173a86ca14.01991932.docx (usia: 434740d, ukuran: 350.26 KB)
[2026-05-12 05:23:58] [DRY-RUN] Akan dihapus: doc_69fc19be984fa6.97517583.docx (usia: 434096d, ukuran: 350.5 KB)
[2026-05-12 05:23:58] [DRY-RUN] Akan dihapus: doc_69fc1b512f9650.19537681.docx (usia: 433693d, ukuran: 350.47 KB)
[2026-05-12 05:23:58] [DRY-RUN] Akan dihapus: doc_69fc1c11561c25.79594661.docx (usia: 433501d, ukuran: 328.73 KB)
[2026-05-12 05:23:58] [DRY-RUN] Akan dihapus: doc_69fc1e0e8bc807.55848839.docx (usia: 432992d, ukuran: 80.99 KB)
[2026-05-12 05:23:58] [DRY-RUN] Akan dihapus: doc_69fc223be5ac02.39478162.docx (usia: 431923d, ukuran: 80.99 KB)
[2026-05-12 05:23:58] [DRY-RUN] Akan dihapus: doc_69fc2257be56a8.36866613.docx (usia: 431895d, ukuran: 328.61 KB)
[2026-05-12 05:23:58] [DRY-RUN] Akan dihapus: doc_69fc22e87f8ad8.96210135.docx (usia: 431750d, ukuran: 329.05 KB)
[2026-05-12 05:23:58] [DRY-RUN] Akan dihapus: doc_69fc2369f1b086.52045678.docx (usia: 431621d, ukuran: 328.89 KB)
[2026-05-12 05:23:58] [DRY-RUN] Akan dihapus: doc_69fc23ff402bc8.43148630.docx (usia: 431471d, ukuran: 81.09 KB)
[2026-05-12 05:23:58] [DRY-RUN] Akan dihapus: doc_69fc246d0d5b04.90923712.doc (usia: 431361d, ukuran: 28.5 KB)
[2026-05-12 05:23:58] [DRY-RUN] Akan dihapus: doc_69fc254b18f505.01450806.docx (usia: 431139d, ukuran: 769.86 KB)
[2026-05-12 05:23:58] [DRY-RUN] Akan dihapus: doc_69fc25e4115bb7.41455268.docx (usia: 430986d, ukuran: 769.49 KB)
[2026-05-12 05:23:58] [DRY-RUN] Akan dihapus: doc_69fc2673efbfc5.61666243.docx (usia: 430843d, ukuran: 769.49 KB)
[2026-05-12 05:23:58] [DRY-RUN] Akan dihapus: doc_69fc269596dd44.03210631.docx (usia: 430809d, ukuran: 651.8 KB)
[2026-05-12 05:23:58] [DRY-RUN] Akan dihapus: doc_69fc26eec0e8f6.24072190.docx (usia: 430720d, ukuran: 80.72 KB)
[2026-05-12 05:23:58] [DRY-RUN] Akan dihapus: doc_69fc27cbac8de5.41159330.docx (usia: 430499d, ukuran: 80.89 KB)
[2026-05-12 05:23:58] [DRY-RUN] Akan dihapus: doc_69fc2837889677.74792255.docx (usia: 430391d, ukuran: 350.66 KB)
[2026-05-12 05:23:58] [DRY-RUN] Akan dihapus: doc_69fc2889f3e573.07937880.docx (usia: 430309d, ukuran: 769.48 KB)
[2026-05-12 05:23:58] [DRY-RUN] Akan dihapus: doc_69fc29cd76cf27.64833674.docx (usia: 429985d, ukuran: 652.92 KB)
[2026-05-12 05:23:58] [DRY-RUN] Akan dihapus: doc_69fc2a08754020.06266228.docx (usia: 429926d, ukuran: 652.92 KB)
[2026-05-12 05:23:58] [DRY-RUN] Akan dihapus: doc_69fc2a96cfdbe6.30761581.docx (usia: 429784d, ukuran: 80.84 KB)
[2026-05-12 05:23:58] [DRY-RUN] Akan dihapus: doc_69fc2afd98c8e9.34572001.docx (usia: 429681d, ukuran: 350.95 KB)
[2026-05-12 05:23:58] [DRY-RUN] Akan dihapus: doc_69fc2bbd776d55.38991168.docx (usia: 429489d, ukuran: 767.52 KB)
[2026-05-12 05:23:58] [DRY-RUN] Akan dihapus: doc_69fc2c13bd13c9.71723093.docx (usia: 429403d, ukuran: 767.52 KB)
[2026-05-12 05:23:58] [DRY-RUN] Akan dihapus: doc_69fd412380d154.47190205.docx (usia: 358475d, ukuran: 80.08 KB)
[2026-05-12 05:23:58] [DRY-RUN] Akan dihapus: doc_69fd43f53ccae6.24892477.docx (usia: 357753d, ukuran: 306.93 KB)
[2026-05-12 05:23:58] [DRY-RUN] Akan dihapus: doc_69fd48f74d5741.06411333.docx (usia: 356471d, ukuran: 328.78 KB)
[2026-05-12 05:23:58] [DRY-RUN] Akan dihapus: doc_69fd4b50bc1624.32011414.docx (usia: 355870d, ukuran: 328.71 KB)
[2026-05-12 05:23:58] [DRY-RUN] Akan dihapus: doc_69fd53807df743.27475695.docx (usia: 353774d, ukuran: 328.71 KB)
[2026-05-12 05:23:58] [DRY-RUN] Akan dihapus: doc_69fd58357d0619.79690680.doc (usia: 352569d, ukuran: 26.5 KB)
[2026-05-12 05:23:58] [DRY-RUN] Akan dihapus: doc_69fd59b9f057e4.45433668.docx (usia: 352181d, ukuran: 767.99 KB)
[2026-05-12 05:23:58] [DRY-RUN] Akan dihapus: doc_69fd67be803cd0.67550607.docx (usia: 348592d, ukuran: 769.11 KB)
[2026-05-12 05:23:58] [DRY-RUN] Akan dihapus: doc_69fd68fd95ed42.48111437.docx (usia: 348273d, ukuran: 328.71 KB)
[2026-05-12 05:23:58] [DRY-RUN] Akan dihapus: doc_69fd694a3795e8.99349980.docx (usia: 348196d, ukuran: 769.46 KB)
[2026-05-12 05:23:58] [DRY-RUN] Akan dihapus: doc_69fd71c2b1cab1.57193809.docx (usia: 346028d, ukuran: 81.28 KB)
[2026-05-12 05:23:58] [DRY-RUN] Akan dihapus: doc_69fe7e48dadf98.18508414.docx (usia: 277286d, ukuran: 350.69 KB)
[2026-05-12 05:23:58] [DRY-RUN] Akan dihapus: doc_69fe80b7940239.51242661.docx (usia: 276663d, ukuran: 350.72 KB)
[2026-05-12 05:23:58] [DRY-RUN] Akan dihapus: doc_69fe82566af168.94257891.docx (usia: 276248d, ukuran: 81.05 KB)
[2026-05-12 05:23:58] [DRY-RUN] Akan dihapus: doc_69fe862a707f42.59621606.docx (usia: 275268d, ukuran: 350.83 KB)
[2026-05-12 05:23:58] [DRY-RUN] Akan dihapus: doc_69fe9149728843.16013618.docx (usia: 272421d, ukuran: 328.89 KB)
[2026-05-12 05:23:58] [DRY-RUN] Akan dihapus: doc_69fe9181d868f1.32638550.docx (usia: 272365d, ukuran: 328.96 KB)
[2026-05-12 05:23:58] [DRY-RUN] Akan dihapus: doc_69fe9335d0d291.18018434.docx (usia: 271929d, ukuran: 329 KB)
[2026-05-12 05:23:58] [DRY-RUN] Akan dihapus: doc_69fe94831073a7.37201371.docx (usia: 271595d, ukuran: 328.92 KB)
[2026-05-12 05:23:58] [DRY-RUN] Akan dihapus: doc_69fe96a71c9d86.02568719.docx (usia: 271047d, ukuran: 328.79 KB)
[2026-05-12 05:23:58] [DRY-RUN] Akan dihapus: doc_69fe9b777778d3.51487558.docx (usia: 269815d, ukuran: 328.75 KB)
[2026-05-12 05:23:58] [DRY-RUN] Akan dihapus: doc_69feb6dd5a4674.18207724.docx (usia: 262801d, ukuran: 328.95 KB)
[2026-05-12 05:23:58] [DRY-RUN] Akan dihapus: doc_69feb75f6b94e3.01571020.docx (usia: 262671d, ukuran: 329 KB)
[2026-05-12 05:23:58] [DRY-RUN] Akan dihapus: doc_69feb778b7b9a9.99261664.docx (usia: 262646d, ukuran: 329 KB)
[2026-05-12 05:23:58] [DRY-RUN] Akan dihapus: doc_69feb8237db231.16832615.docx (usia: 262475d, ukuran: 328.79 KB)
[2026-05-12 05:23:58] [DRY-RUN] Akan dihapus: doc_69feb8a1c93081.60561225.docx (usia: 262349d, ukuran: 350.86 KB)
[2026-05-12 05:23:58] [DRY-RUN] Akan dihapus: doc_69feb8bac529a9.29281866.docx (usia: 262324d, ukuran: 350.86 KB)
[2026-05-12 05:23:58] [DRY-RUN] Akan dihapus: doc_69feb92d867b62.17149295.docx (usia: 262209d, ukuran: 350.8 KB)
[2026-05-12 05:23:58] [DRY-RUN] Akan dihapus: doc_69feba7ab3da81.59225854.doc (usia: 261876d, ukuran: 27 KB)
[2026-05-12 05:23:58] [DRY-RUN] Akan dihapus: doc_69febad9783895.06124765.docx (usia: 261781d, ukuran: 767.66 KB)
[2026-05-12 05:23:58] [DRY-RUN] Akan dihapus: doc_69febc1c6da3f5.82678559.pdf (usia: 261458d, ukuran: 255.51 KB)
[2026-05-12 05:23:58] [DRY-RUN] Akan dihapus: doc_69febc60443f00.70376332.pdf (usia: 261390d, ukuran: 257.11 KB)
[2026-05-12 05:23:58] [DRY-RUN] Akan dihapus: doc_69feca303e4857.78456151.pdf (usia: 257854d, ukuran: 257.11 KB)
[2026-05-12 05:23:58] [DRY-RUN] Akan dihapus: doc_6a0299592c45e0.24087511.docx (usia: 8213d, ukuran: 81.13 KB)
[2026-05-12 05:23:58] [DRY-RUN] Akan dihapus: doc_6a0299829beb80.93758780.docx (usia: 8172d, ukuran: 81.13 KB)
[2026-05-12 05:23:58] [DRY-RUN] Akan dihapus: doc_6a029b9e800da6.29899508.docx (usia: 7632d, ukuran: 328.95 KB)
[2026-05-12 05:23:58] [DRY-RUN] Akan dihapus: doc_6a029c8c449300.47765392.docx (usia: 7394d, ukuran: 17.25 KB)
[2026-05-12 05:23:58] [DRY-RUN] Akan dihapus: doc_6a029d0d299fc7.88761298.docx (usia: 7265d, ukuran: 17.25 KB)
[2026-05-12 05:23:58] [DRY-RUN] Akan dihapus: doc_6a029d4bcbae51.86375062.docx (usia: 7203d, ukuran: 17.25 KB)
[2026-05-12 05:23:58] [DRY-RUN] Akan dihapus: doc_6a029d52c5a178.41274048.pdf (usia: 7196d, ukuran: 55.31 KB)
[2026-05-12 05:23:58] [DRY-RUN] Akan dihapus: doc_6a029db2c1e8d9.26563583.pdf (usia: 7100d, ukuran: 55.31 KB)
[2026-05-12 05:23:58] [DRY-RUN] Akan dihapus: doc_6a029fd3638c51.26936989.pdf (usia: 6555d, ukuran: 55.31 KB)
[2026-05-12 05:23:58] [DRY-RUN] Akan dihapus: doc_6a02a146136618.95540028.pdf (usia: 6184d, ukuran: 55.31 KB)
[2026-05-12 05:23:58] [DRY-RUN] Akan dihapus: doc_6a02a1bf4d07c8.72516300.pdf (usia: 6063d, ukuran: 55.31 KB)
[2026-05-12 05:23:58] [DRY-RUN] Akan dihapus: doc_6a02a216e2a852.95607901.docx (usia: 5976d, ukuran: 17.25 KB)
[2026-05-12 05:23:58] [DRY-RUN] Akan dihapus: doc_6a02a32f431de7.58377029.pdf (usia: 5695d, ukuran: 55.31 KB)
[2026-05-12 05:23:58] [DRY-RUN] Akan dihapus: doc_6a02a394514053.75633959.docx (usia: 5594d, ukuran: 350.78 KB)
[2026-05-12 05:23:58] [DRY-RUN] Akan dihapus: doc_6a02a55231ab78.80898141.docx (usia: 5148d, ukuran: 17.25 KB)
[2026-05-12 05:23:58] [DRY-RUN] Akan dihapus: doc_6a02a64bd787f2.58774690.pdf (usia: 4899d, ukuran: 55.31 KB)
[2026-05-12 05:23:58] [DRY-RUN] Akan dihapus: doc_6a02a6721e5508.51298358.docx (usia: 4860d, ukuran: 350.8 KB)
[2026-05-12 05:23:58] [DRY-RUN] Akan dihapus: doc_6a02a6851f59a2.07719410.docx (usia: 4841d, ukuran: 17.25 KB)
[2026-05-12 05:23:58] [DRY-RUN] Akan dihapus: doc_6a02a6a0b812d4.97316262.docx (usia: 4814d, ukuran: 350.8 KB)
[2026-05-12 05:23:58] [DRY-RUN] Akan dihapus: doc_69fb4ef92e1193.96744027.pdf (usia: 486004d, ukuran: 82.13 KB)
[2026-05-12 05:23:58] [DRY-RUN] Akan dihapus: doc_69fb4ef92e1193.96744027_p1.jpg (usia: 486002d, ukuran: 267.19 KB)
[2026-05-12 05:23:58] [DRY-RUN] Akan dihapus: doc_69fb4ef92e1193.96744027_p2.jpg (usia: 486002d, ukuran: 267.19 KB)
[2026-05-12 05:23:58] [DRY-RUN] Akan dihapus: doc_69fb4ef92e1193.96744027_p3.jpg (usia: 486002d, ukuran: 267.19 KB)
[2026-05-12 05:23:58] [DRY-RUN] Akan dihapus: doc_69fb4ef92e1193.96744027_p4.jpg (usia: 486002d, ukuran: 267.19 KB)
[2026-05-12 05:23:58] [DRY-RUN] Akan dihapus: doc_69fb4ef92e1193.96744027_p5.jpg (usia: 486002d, ukuran: 267.19 KB)
[2026-05-12 05:23:58] [DRY-RUN] Akan dihapus: doc_69fb504619fd01.57495198_p1.jpg (usia: 485669d, ukuran: 1022.28 KB)
[2026-05-12 05:23:58] [DRY-RUN] Akan dihapus: doc_69fb504619fd01.57495198_p2.jpg (usia: 485668d, ukuran: 1022.28 KB)
[2026-05-12 05:23:58] [DRY-RUN] Akan dihapus: doc_69fb504619fd01.57495198_p3.jpg (usia: 485667d, ukuran: 1022.28 KB)
[2026-05-12 05:23:58] [DRY-RUN] Akan dihapus: doc_69fb504619fd01.57495198_p4.jpg (usia: 485665d, ukuran: 1022.28 KB)
[2026-05-12 05:23:58] [DRY-RUN] Akan dihapus: doc_69fb504619fd01.57495198_p5.jpg (usia: 485664d, ukuran: 1022.28 KB)
[2026-05-12 05:23:58] [DRY-RUN] Akan dihapus: doc_69fb5bf1e8cc24.87882134_p1.jpg (usia: 482681d, ukuran: 134.86 KB)
[2026-05-12 05:23:58] [DRY-RUN] Akan dihapus: doc_69fb5bf1e8cc24.87882134_p10.jpg (usia: 482676d, ukuran: 134.86 KB)
[2026-05-12 05:23:58] [DRY-RUN] Akan dihapus: doc_69fb5bf1e8cc24.87882134_p11.jpg (usia: 482675d, ukuran: 134.86 KB)
[2026-05-12 05:23:58] [DRY-RUN] Akan dihapus: doc_69fb5bf1e8cc24.87882134_p12.jpg (usia: 482675d, ukuran: 134.86 KB)
[2026-05-12 05:23:58] [DRY-RUN] Akan dihapus: doc_69fb5bf1e8cc24.87882134_p13.jpg (usia: 482674d, ukuran: 134.86 KB)
[2026-05-12 05:23:58] [DRY-RUN] Akan dihapus: doc_69fb5bf1e8cc24.87882134_p2.jpg (usia: 482681d, ukuran: 134.86 KB)
[2026-05-12 05:23:58] [DRY-RUN] Akan dihapus: doc_69fb5bf1e8cc24.87882134_p3.jpg (usia: 482680d, ukuran: 134.86 KB)
[2026-05-12 05:23:58] [DRY-RUN] Akan dihapus: doc_69fb5bf1e8cc24.87882134_p4.jpg (usia: 482679d, ukuran: 134.86 KB)
[2026-05-12 05:23:58] [DRY-RUN] Akan dihapus: doc_69fb5bf1e8cc24.87882134_p5.jpg (usia: 482679d, ukuran: 134.86 KB)
[2026-05-12 05:23:58] [DRY-RUN] Akan dihapus: doc_69fb5bf1e8cc24.87882134_p6.jpg (usia: 482678d, ukuran: 134.86 KB)
[2026-05-12 05:23:58] [DRY-RUN] Akan dihapus: doc_69fb5bf1e8cc24.87882134_p7.jpg (usia: 482678d, ukuran: 134.86 KB)
[2026-05-12 05:23:58] [DRY-RUN] Akan dihapus: doc_69fb5bf1e8cc24.87882134_p8.jpg (usia: 482677d, ukuran: 134.86 KB)
[2026-05-12 05:23:58] [DRY-RUN] Akan dihapus: doc_69fb5bf1e8cc24.87882134_p9.jpg (usia: 482677d, ukuran: 134.86 KB)
[2026-05-12 05:23:58] [DRY-RUN] Akan dihapus: doc_69fb5d75a35e06.46133073_p1.jpg (usia: 482295d, ukuran: 311.59 KB)
[2026-05-12 05:23:58] [DRY-RUN] Akan dihapus: doc_69fb5d75a35e06.46133073_p2.jpg (usia: 482295d, ukuran: 311.59 KB)
[2026-05-12 05:23:58] [DRY-RUN] Akan dihapus: doc_69fb5d75a35e06.46133073_p3.jpg (usia: 482294d, ukuran: 311.59 KB)
[2026-05-12 05:23:58] [DRY-RUN] Akan dihapus: doc_69fb5d75a35e06.46133073_p4.jpg (usia: 482294d, ukuran: 311.59 KB)
[2026-05-12 05:23:58] [DRY-RUN] Akan dihapus: doc_69fb5d75a35e06.46133073_p5.jpg (usia: 482294d, ukuran: 311.59 KB)
[2026-05-12 05:23:58] [DRY-RUN] Akan dihapus: doc_69fb5d75a35e06.46133073_p6.jpg (usia: 482293d, ukuran: 311.59 KB)
[2026-05-12 05:23:58] [DRY-RUN] Akan dihapus: doc_69fb5d75a35e06.46133073_p7.jpg (usia: 482293d, ukuran: 311.59 KB)
[2026-05-12 05:23:58] [DRY-RUN] Akan dihapus: doc_69fb5d75a35e06.46133073_p8.jpg (usia: 482293d, ukuran: 311.59 KB)
[2026-05-12 05:23:58] [DRY-RUN] Akan dihapus: doc_69fb5e6f645ca7.29617029_p1.jpg (usia: 482043d, ukuran: 71.87 KB)
[2026-05-12 05:23:58] [DRY-RUN] Akan dihapus: doc_69fb5e6f645ca7.29617029_p10.jpg (usia: 482034d, ukuran: 71.87 KB)
[2026-05-12 05:23:58] [DRY-RUN] Akan dihapus: doc_69fb5e6f645ca7.29617029_p11.jpg (usia: 482033d, ukuran: 71.87 KB)
[2026-05-12 05:23:58] [DRY-RUN] Akan dihapus: doc_69fb5e6f645ca7.29617029_p12.jpg (usia: 482032d, ukuran: 71.87 KB)
[2026-05-12 05:23:58] [DRY-RUN] Akan dihapus: doc_69fb5e6f645ca7.29617029_p13.jpg (usia: 482031d, ukuran: 71.87 KB)
[2026-05-12 05:23:58] [DRY-RUN] Akan dihapus: doc_69fb5e6f645ca7.29617029_p14.jpg (usia: 482030d, ukuran: 71.87 KB)
[2026-05-12 05:23:58] [DRY-RUN] Akan dihapus: doc_69fb5e6f645ca7.29617029_p15.jpg (usia: 482029d, ukuran: 71.87 KB)
[2026-05-12 05:23:58] [DRY-RUN] Akan dihapus: doc_69fb5e6f645ca7.29617029_p16.jpg (usia: 482028d, ukuran: 71.87 KB)
[2026-05-12 05:23:58] [DRY-RUN] Akan dihapus: doc_69fb5e6f645ca7.29617029_p17.jpg (usia: 482027d, ukuran: 71.87 KB)
[2026-05-12 05:23:58] [DRY-RUN] Akan dihapus: doc_69fb5e6f645ca7.29617029_p18.jpg (usia: 482026d, ukuran: 71.87 KB)
[2026-05-12 05:23:58] [DRY-RUN] Akan dihapus: doc_69fb5e6f645ca7.29617029_p2.jpg (usia: 482042d, ukuran: 71.87 KB)
[2026-05-12 05:23:58] [DRY-RUN] Akan dihapus: doc_69fb5e6f645ca7.29617029_p3.jpg (usia: 482041d, ukuran: 71.87 KB)
[2026-05-12 05:23:58] [DRY-RUN] Akan dihapus: doc_69fb5e6f645ca7.29617029_p4.jpg (usia: 482040d, ukuran: 71.87 KB)
[2026-05-12 05:23:58] [DRY-RUN] Akan dihapus: doc_69fb5e6f645ca7.29617029_p5.jpg (usia: 482039d, ukuran: 71.87 KB)
[2026-05-12 05:23:58] [DRY-RUN] Akan dihapus: doc_69fb5e6f645ca7.29617029_p6.jpg (usia: 482038d, ukuran: 71.87 KB)
[2026-05-12 05:23:58] [DRY-RUN] Akan dihapus: doc_69fb5e6f645ca7.29617029_p7.jpg (usia: 482037d, ukuran: 71.87 KB)
[2026-05-12 05:23:58] [DRY-RUN] Akan dihapus: doc_69fb5e6f645ca7.29617029_p8.jpg (usia: 482036d, ukuran: 71.87 KB)
[2026-05-12 05:23:58] [DRY-RUN] Akan dihapus: doc_69fb5e6f645ca7.29617029_p9.jpg (usia: 482035d, ukuran: 71.87 KB)
[2026-05-12 05:23:58] [DRY-RUN] Akan dihapus: doc_69fb5e9fe2e918.90575908_p1.jpg (usia: 481997d, ukuran: 311.59 KB)
[2026-05-12 05:23:58] [DRY-RUN] Akan dihapus: doc_69fb5e9fe2e918.90575908_p2.jpg (usia: 481996d, ukuran: 311.59 KB)
[2026-05-12 05:23:58] [DRY-RUN] Akan dihapus: doc_69fb5e9fe2e918.90575908_p3.jpg (usia: 481996d, ukuran: 311.59 KB)
[2026-05-12 05:23:58] [DRY-RUN] Akan dihapus: doc_69fb5e9fe2e918.90575908_p4.jpg (usia: 481996d, ukuran: 311.59 KB)
[2026-05-12 05:23:58] [DRY-RUN] Akan dihapus: doc_69fb5e9fe2e918.90575908_p5.jpg (usia: 481995d, ukuran: 311.59 KB)
[2026-05-12 05:23:58] [DRY-RUN] Akan dihapus: doc_69fb5e9fe2e918.90575908_p6.jpg (usia: 481995d, ukuran: 311.59 KB)
[2026-05-12 05:23:58] [DRY-RUN] Akan dihapus: doc_69fb5e9fe2e918.90575908_p7.jpg (usia: 481994d, ukuran: 311.59 KB)
[2026-05-12 05:23:58] [DRY-RUN] Akan dihapus: doc_69fb5e9fe2e918.90575908_p8.jpg (usia: 481994d, ukuran: 311.59 KB)
[2026-05-12 05:23:58] [DRY-RUN] Akan dihapus: doc_69fb5efd9d9ad1.31574434_p1.jpg (usia: 481903d, ukuran: 311.59 KB)
[2026-05-12 05:23:58] [DRY-RUN] Akan dihapus: doc_69fb5efd9d9ad1.31574434_p2.jpg (usia: 481903d, ukuran: 311.59 KB)
[2026-05-12 05:23:58] [DRY-RUN] Akan dihapus: doc_69fb5efd9d9ad1.31574434_p3.jpg (usia: 481902d, ukuran: 311.59 KB)
[2026-05-12 05:23:58] [DRY-RUN] Akan dihapus: doc_69fb5efd9d9ad1.31574434_p4.jpg (usia: 481902d, ukuran: 311.59 KB)
[2026-05-12 05:23:58] [DRY-RUN] Akan dihapus: doc_69fb5efd9d9ad1.31574434_p5.jpg (usia: 481902d, ukuran: 311.59 KB)
[2026-05-12 05:23:58] [DRY-RUN] Akan dihapus: doc_69fb5efd9d9ad1.31574434_p6.jpg (usia: 481901d, ukuran: 311.59 KB)
[2026-05-12 05:23:58] [DRY-RUN] Akan dihapus: doc_69fb5efd9d9ad1.31574434_p7.jpg (usia: 481901d, ukuran: 311.59 KB)
[2026-05-12 05:23:58] [DRY-RUN] Akan dihapus: doc_69fb5efd9d9ad1.31574434_p8.jpg (usia: 481901d, ukuran: 311.59 KB)
[2026-05-12 05:23:58] [DRY-RUN] Akan dihapus: doc_69fb6101e42806.34681877_p1.jpg (usia: 481387d, ukuran: 288.83 KB)
[2026-05-12 05:23:58] [DRY-RUN] Akan dihapus: doc_69fb6101e42806.34681877_p2.jpg (usia: 481387d, ukuran: 209.49 KB)
[2026-05-12 05:23:58] [DRY-RUN] Akan dihapus: doc_69fb6101e42806.34681877_p3.jpg (usia: 481387d, ukuran: 232.89 KB)
[2026-05-12 05:23:58] [DRY-RUN] Akan dihapus: doc_69fb6101e42806.34681877_p4.jpg (usia: 481387d, ukuran: 211.18 KB)
[2026-05-12 05:23:58] [DRY-RUN] Akan dihapus: doc_69fb6101e42806.34681877_p5.jpg (usia: 481387d, ukuran: 254.19 KB)
[2026-05-12 05:23:58] [DRY-RUN] Akan dihapus: doc_69fb6101e42806.34681877_p6.jpg (usia: 481387d, ukuran: 432.56 KB)
[2026-05-12 05:23:58] [DRY-RUN] Akan dihapus: doc_69fb6101e42806.34681877_p7.jpg (usia: 481386d, ukuran: 440.81 KB)
[2026-05-12 05:23:58] [DRY-RUN] Akan dihapus: doc_69fb6101e42806.34681877_p8.jpg (usia: 481386d, ukuran: 199.54 KB)
[2026-05-12 05:23:58] [DRY-RUN] Akan dihapus: doc_69fb6385ad2215.61007588_p1.jpg (usia: 480743d, ukuran: 288.83 KB)
[2026-05-12 05:23:58] [DRY-RUN] Akan dihapus: doc_69fb6385ad2215.61007588_p2.jpg (usia: 480743d, ukuran: 209.49 KB)
[2026-05-12 05:23:58] [DRY-RUN] Akan dihapus: doc_69fb6385ad2215.61007588_p3.jpg (usia: 480743d, ukuran: 232.89 KB)
[2026-05-12 05:23:58] [DRY-RUN] Akan dihapus: doc_69fb6385ad2215.61007588_p4.jpg (usia: 480743d, ukuran: 211.18 KB)
[2026-05-12 05:23:58] [DRY-RUN] Akan dihapus: doc_69fb6385ad2215.61007588_p5.jpg (usia: 480743d, ukuran: 254.19 KB)
[2026-05-12 05:23:58] [DRY-RUN] Akan dihapus: doc_69fb6385ad2215.61007588_p6.jpg (usia: 480743d, ukuran: 432.56 KB)
[2026-05-12 05:23:58] [DRY-RUN] Akan dihapus: doc_69fb6385ad2215.61007588_p7.jpg (usia: 480743d, ukuran: 440.81 KB)
[2026-05-12 05:23:58] [DRY-RUN] Akan dihapus: doc_69fb6385ad2215.61007588_p8.jpg (usia: 480743d, ukuran: 199.54 KB)
[2026-05-12 05:23:58] [DRY-RUN] Akan dihapus: doc_69fb64139d0268.26690495_p1.jpg (usia: 480601d, ukuran: 288.83 KB)
[2026-05-12 05:23:58] [DRY-RUN] Akan dihapus: doc_69fb64139d0268.26690495_p2.jpg (usia: 480601d, ukuran: 209.49 KB)
[2026-05-12 05:23:58] [DRY-RUN] Akan dihapus: doc_69fb64139d0268.26690495_p3.jpg (usia: 480601d, ukuran: 232.89 KB)
[2026-05-12 05:23:58] [DRY-RUN] Akan dihapus: doc_69fb64139d0268.26690495_p4.jpg (usia: 480601d, ukuran: 211.18 KB)
[2026-05-12 05:23:58] [DRY-RUN] Akan dihapus: doc_69fb64139d0268.26690495_p5.jpg (usia: 480601d, ukuran: 254.19 KB)
[2026-05-12 05:23:58] [DRY-RUN] Akan dihapus: doc_69fb64139d0268.26690495_p6.jpg (usia: 480601d, ukuran: 432.56 KB)
[2026-05-12 05:23:58] [DRY-RUN] Akan dihapus: doc_69fb64139d0268.26690495_p7.jpg (usia: 480601d, ukuran: 440.81 KB)
[2026-05-12 05:23:58] [DRY-RUN] Akan dihapus: doc_69fb64139d0268.26690495_p8.jpg (usia: 480601d, ukuran: 199.54 KB)
[2026-05-12 05:23:58] [DRY-RUN] Akan dihapus: doc_69fb647a11a949.75609204_p1.jpg (usia: 480500d, ukuran: 355.84 KB)
[2026-05-12 05:23:58] [DRY-RUN] Akan dihapus: doc_69fb647a11a949.75609204_p2.jpg (usia: 480500d, ukuran: 43.11 KB)
[2026-05-12 05:23:58] [DRY-RUN] Akan dihapus: doc_69fb66b394d690.08599244_p1.jpg (usia: 479918d, ukuran: 661.37 KB)
[2026-05-12 05:23:58] [DRY-RUN] Akan dihapus: doc_69fb66b394d690.08599244_p10.jpg (usia: 479911d, ukuran: 901.62 KB)
[2026-05-12 05:23:58] [DRY-RUN] Akan dihapus: doc_69fb66b394d690.08599244_p11.jpg (usia: 479910d, ukuran: 1.3 MB)
[2026-05-12 05:23:58] [DRY-RUN] Akan dihapus: doc_69fb66b394d690.08599244_p12.jpg (usia: 479910d, ukuran: 1.49 MB)
[2026-05-12 05:23:58] [DRY-RUN] Akan dihapus: doc_69fb66b394d690.08599244_p13.jpg (usia: 479909d, ukuran: 1.29 MB)
[2026-05-12 05:23:58] [DRY-RUN] Akan dihapus: doc_69fb66b394d690.08599244_p14.jpg (usia: 479908d, ukuran: 1.3 MB)
[2026-05-12 05:23:58] [DRY-RUN] Akan dihapus: doc_69fb66b394d690.08599244_p15.jpg (usia: 479907d, ukuran: 1.06 MB)
[2026-05-12 05:23:58] [DRY-RUN] Akan dihapus: doc_69fb66b394d690.08599244_p16.jpg (usia: 479907d, ukuran: 1.21 MB)
[2026-05-12 05:23:58] [DRY-RUN] Akan dihapus: doc_69fb66b394d690.08599244_p17.jpg (usia: 479906d, ukuran: 1.16 MB)
[2026-05-12 05:23:58] [DRY-RUN] Akan dihapus: doc_69fb66b394d690.08599244_p18.jpg (usia: 479905d, ukuran: 289.51 KB)
[2026-05-12 05:23:58] [DRY-RUN] Akan dihapus: doc_69fb66b394d690.08599244_p2.jpg (usia: 479917d, ukuran: 1.08 MB)
[2026-05-12 05:23:58] [DRY-RUN] Akan dihapus: doc_69fb66b394d690.08599244_p3.jpg (usia: 479916d, ukuran: 1.09 MB)
[2026-05-12 05:23:58] [DRY-RUN] Akan dihapus: doc_69fb66b394d690.08599244_p4.jpg (usia: 479915d, ukuran: 1.61 MB)
[2026-05-12 05:23:58] [DRY-RUN] Akan dihapus: doc_69fb66b394d690.08599244_p5.jpg (usia: 479915d, ukuran: 1.36 MB)
[2026-05-12 05:23:58] [DRY-RUN] Akan dihapus: doc_69fb66b394d690.08599244_p6.jpg (usia: 479914d, ukuran: 1.26 MB)
[2026-05-12 05:23:58] [DRY-RUN] Akan dihapus: doc_69fb66b394d690.08599244_p7.jpg (usia: 479913d, ukuran: 841.42 KB)
[2026-05-12 05:23:58] [DRY-RUN] Akan dihapus: doc_69fb66b394d690.08599244_p8.jpg (usia: 479912d, ukuran: 1.38 MB)
[2026-05-12 05:23:58] [DRY-RUN] Akan dihapus: doc_69fb66b394d690.08599244_p9.jpg (usia: 479912d, ukuran: 1.3 MB)
[2026-05-12 05:23:58] [DRY-RUN] Akan dihapus: doc_69fb670fa5d4c5.50247369_p1.jpg (usia: 479835d, ukuran: 131.76 KB)
[2026-05-12 05:23:58] [DRY-RUN] Akan dihapus: doc_69fb670fa5d4c5.50247369_p10.jpg (usia: 479834d, ukuran: 220.35 KB)
[2026-05-12 05:23:58] [DRY-RUN] Akan dihapus: doc_69fb670fa5d4c5.50247369_p11.jpg (usia: 479834d, ukuran: 327.69 KB)
[2026-05-12 05:23:58] [DRY-RUN] Akan dihapus: doc_69fb670fa5d4c5.50247369_p12.jpg (usia: 479834d, ukuran: 377.4 KB)
[2026-05-12 05:23:58] [DRY-RUN] Akan dihapus: doc_69fb670fa5d4c5.50247369_p13.jpg (usia: 479834d, ukuran: 332.26 KB)
[2026-05-12 05:23:58] [DRY-RUN] Akan dihapus: doc_69fb670fa5d4c5.50247369_p14.jpg (usia: 479834d, ukuran: 334.38 KB)
[2026-05-12 05:23:58] [DRY-RUN] Akan dihapus: doc_69fb670fa5d4c5.50247369_p15.jpg (usia: 479833d, ukuran: 250.58 KB)
[2026-05-12 05:23:58] [DRY-RUN] Akan dihapus: doc_69fb670fa5d4c5.50247369_p16.jpg (usia: 479833d, ukuran: 307.09 KB)
[2026-05-12 05:23:58] [DRY-RUN] Akan dihapus: doc_69fb670fa5d4c5.50247369_p17.jpg (usia: 479833d, ukuran: 281.76 KB)
[2026-05-12 05:23:58] [DRY-RUN] Akan dihapus: doc_69fb670fa5d4c5.50247369_p18.jpg (usia: 479833d, ukuran: 73.93 KB)
[2026-05-12 05:23:58] [DRY-RUN] Akan dihapus: doc_69fb670fa5d4c5.50247369_p2.jpg (usia: 479835d, ukuran: 280.25 KB)
[2026-05-12 05:23:58] [DRY-RUN] Akan dihapus: doc_69fb670fa5d4c5.50247369_p3.jpg (usia: 479835d, ukuran: 277.31 KB)
[2026-05-12 05:23:58] [DRY-RUN] Akan dihapus: doc_69fb670fa5d4c5.50247369_p4.jpg (usia: 479835d, ukuran: 403.32 KB)
[2026-05-12 05:23:58] [DRY-RUN] Akan dihapus: doc_69fb670fa5d4c5.50247369_p5.jpg (usia: 479835d, ukuran: 350.14 KB)
[2026-05-12 05:23:58] [DRY-RUN] Akan dihapus: doc_69fb670fa5d4c5.50247369_p6.jpg (usia: 479835d, ukuran: 312.8 KB)
[2026-05-12 05:23:58] [DRY-RUN] Akan dihapus: doc_69fb670fa5d4c5.50247369_p7.jpg (usia: 479835d, ukuran: 204.3 KB)
[2026-05-12 05:23:58] [DRY-RUN] Akan dihapus: doc_69fb670fa5d4c5.50247369_p8.jpg (usia: 479834d, ukuran: 339.05 KB)
[2026-05-12 05:23:58] [DRY-RUN] Akan dihapus: doc_69fb670fa5d4c5.50247369_p9.jpg (usia: 479834d, ukuran: 321.4 KB)
[2026-05-12 05:23:58] [DRY-RUN] Akan dihapus: doc_69fb67fdc8f473.01308532_p1.jpg (usia: 479597d, ukuran: 131.76 KB)
[2026-05-12 05:23:58] [DRY-RUN] Akan dihapus: doc_69fb67fdc8f473.01308532_p10.jpg (usia: 479596d, ukuran: 220.35 KB)
[2026-05-12 05:23:58] [DRY-RUN] Akan dihapus: doc_69fb67fdc8f473.01308532_p11.jpg (usia: 479596d, ukuran: 327.69 KB)
[2026-05-12 05:23:58] [DRY-RUN] Akan dihapus: doc_69fb67fdc8f473.01308532_p12.jpg (usia: 479596d, ukuran: 377.4 KB)
[2026-05-12 05:23:58] [DRY-RUN] Akan dihapus: doc_69fb67fdc8f473.01308532_p13.jpg (usia: 479596d, ukuran: 332.26 KB)
[2026-05-12 05:23:58] [DRY-RUN] Akan dihapus: doc_69fb67fdc8f473.01308532_p14.jpg (usia: 479596d, ukuran: 334.38 KB)
[2026-05-12 05:23:58] [DRY-RUN] Akan dihapus: doc_69fb67fdc8f473.01308532_p15.jpg (usia: 479596d, ukuran: 250.58 KB)
[2026-05-12 05:23:58] [DRY-RUN] Akan dihapus: doc_69fb67fdc8f473.01308532_p16.jpg (usia: 479596d, ukuran: 307.09 KB)
[2026-05-12 05:23:58] [DRY-RUN] Akan dihapus: doc_69fb67fdc8f473.01308532_p17.jpg (usia: 479595d, ukuran: 281.76 KB)
[2026-05-12 05:23:58] [DRY-RUN] Akan dihapus: doc_69fb67fdc8f473.01308532_p18.jpg (usia: 479595d, ukuran: 73.93 KB)
[2026-05-12 05:23:58] [DRY-RUN] Akan dihapus: doc_69fb67fdc8f473.01308532_p2.jpg (usia: 479597d, ukuran: 280.25 KB)
[2026-05-12 05:23:58] [DRY-RUN] Akan dihapus: doc_69fb67fdc8f473.01308532_p3.jpg (usia: 479597d, ukuran: 277.31 KB)
[2026-05-12 05:23:58] [DRY-RUN] Akan dihapus: doc_69fb67fdc8f473.01308532_p4.jpg (usia: 479597d, ukuran: 403.32 KB)
[2026-05-12 05:23:58] [DRY-RUN] Akan dihapus: doc_69fb67fdc8f473.01308532_p5.jpg (usia: 479597d, ukuran: 350.14 KB)
[2026-05-12 05:23:58] [DRY-RUN] Akan dihapus: doc_69fb67fdc8f473.01308532_p6.jpg (usia: 479597d, ukuran: 312.8 KB)
[2026-05-12 05:23:58] [DRY-RUN] Akan dihapus: doc_69fb67fdc8f473.01308532_p7.jpg (usia: 479597d, ukuran: 204.3 KB)
[2026-05-12 05:23:58] [DRY-RUN] Akan dihapus: doc_69fb67fdc8f473.01308532_p8.jpg (usia: 479597d, ukuran: 339.05 KB)
[2026-05-12 05:23:58] [DRY-RUN] Akan dihapus: doc_69fb67fdc8f473.01308532_p9.jpg (usia: 479597d, ukuran: 321.4 KB)
[2026-05-12 05:23:58] [DRY-RUN] Akan dihapus: doc_69fb68ded0e639.94711964_p1.jpg (usia: 479374d, ukuran: 483.35 KB)
[2026-05-12 05:23:58] [DRY-RUN] Akan dihapus: doc_69fb68ded0e639.94711964_p2.jpg (usia: 479374d, ukuran: 283.22 KB)
[2026-05-12 05:23:58] [DRY-RUN] Akan dihapus: doc_69fb68ded0e639.94711964_p3.jpg (usia: 479374d, ukuran: 287.73 KB)
[2026-05-12 05:23:58] [DRY-RUN] Akan dihapus: doc_69fb68ded0e639.94711964_p4.jpg (usia: 479374d, ukuran: 280.65 KB)
[2026-05-12 05:23:58] [DRY-RUN] Akan dihapus: doc_69fb68ded0e639.94711964_p5.jpg (usia: 479374d, ukuran: 369.44 KB)
[2026-05-12 05:23:58] [DRY-RUN] Akan dihapus: doc_69fb690e985bf9.89010009.pdf (usia: 479325d, ukuran: 97.79 KB)
[2026-05-12 05:23:58] [DRY-RUN] Akan dihapus: doc_69fb690e985bf9.89010009_p1.jpg (usia: 479318d, ukuran: 1003.99 KB)
[2026-05-12 05:23:58] [DRY-RUN] Akan dihapus: doc_69fb690e985bf9.89010009_p2.jpg (usia: 479318d, ukuran: 1.57 MB)
[2026-05-12 05:23:58] [DRY-RUN] Akan dihapus: doc_69fb690e985bf9.89010009_p3.jpg (usia: 479317d, ukuran: 1.67 MB)
[2026-05-12 05:23:58] [DRY-RUN] Akan dihapus: doc_69fb690e985bf9.89010009_p4.jpg (usia: 479317d, ukuran: 1.38 MB)
[2026-05-12 05:23:58] [DRY-RUN] Akan dihapus: doc_69fb690e985bf9.89010009_p5.jpg (usia: 479316d, ukuran: 1.39 MB)
[2026-05-12 05:23:58] [DRY-RUN] Akan dihapus: doc_69fb690e985bf9.89010009_p6.jpg (usia: 479315d, ukuran: 1.74 MB)
[2026-05-12 05:23:58] [DRY-RUN] Akan dihapus: doc_69fb690e985bf9.89010009_p7.jpg (usia: 479315d, ukuran: 1.6 MB)
[2026-05-12 05:23:58] [DRY-RUN] Akan dihapus: doc_69fb690e985bf9.89010009_p8.jpg (usia: 479314d, ukuran: 1.7 MB)
[2026-05-12 05:23:58] [DRY-RUN] Akan dihapus: doc_69fb690e985bf9.89010009_p9.jpg (usia: 479314d, ukuran: 1.59 MB)
[2026-05-12 05:23:58] [DRY-RUN] Akan dihapus: doc_69fbdc59afd1a5.49155971.pdf (usia: 449811d, ukuran: 6.51 KB)
[2026-05-12 05:23:58] [DRY-RUN] Akan dihapus: doc_69fbdc59afd1a5.49155971_p1.jpg (usia: 449811d, ukuran: 38.04 KB)
[2026-05-12 05:23:58] [DRY-RUN] Akan dihapus: doc_69fbefee5aead6.60621461.pdf (usia: 444799d, ukuran: 97.79 KB)
[2026-05-12 05:23:58] [DRY-RUN] Akan dihapus: doc_69fbefee5aead6.60621461_p1.jpg (usia: 444795d, ukuran: 557.38 KB)
[2026-05-12 05:23:58] [DRY-RUN] Akan dihapus: doc_69fbefee5aead6.60621461_p2.jpg (usia: 444795d, ukuran: 898.44 KB)
[2026-05-12 05:23:58] [DRY-RUN] Akan dihapus: doc_69fbefee5aead6.60621461_p3.jpg (usia: 444795d, ukuran: 962.87 KB)
[2026-05-12 05:23:58] [DRY-RUN] Akan dihapus: doc_69fbefee5aead6.60621461_p4.jpg (usia: 444794d, ukuran: 807.19 KB)
[2026-05-12 05:23:58] [DRY-RUN] Akan dihapus: doc_69fbefee5aead6.60621461_p5.jpg (usia: 444794d, ukuran: 816.67 KB)
[2026-05-12 05:23:58] [DRY-RUN] Akan dihapus: doc_69fbefee5aead6.60621461_p6.jpg (usia: 444794d, ukuran: 1012.21 KB)
[2026-05-12 05:23:58] [DRY-RUN] Akan dihapus: doc_69fbefee5aead6.60621461_p7.jpg (usia: 444793d, ukuran: 921.61 KB)
[2026-05-12 05:23:58] [DRY-RUN] Akan dihapus: doc_69fbefee5aead6.60621461_p8.jpg (usia: 444793d, ukuran: 1003.42 KB)
[2026-05-12 05:23:58] [DRY-RUN] Akan dihapus: doc_69fbefee5aead6.60621461_p9.jpg (usia: 444793d, ukuran: 893.74 KB)
[2026-05-12 05:23:58] [DRY-RUN] Akan dihapus: doc_69fbf0a1e4e911.26828158.pdf (usia: 444619d, ukuran: 36.07 KB)
[2026-05-12 05:23:58] [DRY-RUN] Akan dihapus: doc_69fbf0a1e4e911.26828158_p1.jpg (usia: 444619d, ukuran: 229.4 KB)
[2026-05-12 05:23:58] [DRY-RUN] Akan dihapus: doc_69fbf5ec9b9853.32167503.pdf (usia: 443265d, ukuran: 137.3 KB)
[2026-05-12 05:23:58] [DRY-RUN] Akan dihapus: doc_69fbf5ec9b9853.32167503_p1.jpg (usia: 443264d, ukuran: 183.89 KB)
[2026-05-12 05:23:58] [DRY-RUN] Akan dihapus: doc_69fbf7b522e4e5.78912096.pdf (usia: 442808d, ukuran: 97.79 KB)
[2026-05-12 05:23:58] [DRY-RUN] Akan dihapus: doc_69fbf7b522e4e5.78912096_p1.jpg (usia: 442804d, ukuran: 557.38 KB)
[2026-05-12 05:23:58] [DRY-RUN] Akan dihapus: doc_69fbf7b522e4e5.78912096_p2.jpg (usia: 442804d, ukuran: 898.44 KB)
[2026-05-12 05:23:58] [DRY-RUN] Akan dihapus: doc_69fbf7b522e4e5.78912096_p3.jpg (usia: 442804d, ukuran: 962.87 KB)
[2026-05-12 05:23:58] [DRY-RUN] Akan dihapus: doc_69fbf7b522e4e5.78912096_p4.jpg (usia: 442804d, ukuran: 807.19 KB)
[2026-05-12 05:23:58] [DRY-RUN] Akan dihapus: doc_69fbf7b522e4e5.78912096_p5.jpg (usia: 442803d, ukuran: 816.67 KB)
[2026-05-12 05:23:58] [DRY-RUN] Akan dihapus: doc_69fbf7b522e4e5.78912096_p6.jpg (usia: 442803d, ukuran: 1012.21 KB)
[2026-05-12 05:23:58] [DRY-RUN] Akan dihapus: doc_69fbf7b522e4e5.78912096_p7.jpg (usia: 442803d, ukuran: 921.61 KB)
[2026-05-12 05:23:58] [DRY-RUN] Akan dihapus: doc_69fbf7b522e4e5.78912096_p8.jpg (usia: 442803d, ukuran: 1003.42 KB)
[2026-05-12 05:23:58] [DRY-RUN] Akan dihapus: doc_69fbf7b522e4e5.78912096_p9.jpg (usia: 442802d, ukuran: 893.74 KB)
[2026-05-12 05:23:58] [DRY-RUN] Akan dihapus: doc_69fbf8e6654933.01060527.pdf (usia: 442503d, ukuran: 137.28 KB)
[2026-05-12 05:23:58] [DRY-RUN] Akan dihapus: doc_69fbf8e6654933.01060527_p1.jpg (usia: 442502d, ukuran: 177.29 KB)
[2026-05-12 05:23:58] [DRY-RUN] Akan dihapus: doc_69fbfe0751ea47.51160298_p1.jpg (usia: 441188d, ukuran: 131.76 KB)
[2026-05-12 05:23:58] [DRY-RUN] Akan dihapus: doc_69fbfe0751ea47.51160298_p10.jpg (usia: 441187d, ukuran: 220.35 KB)
[2026-05-12 05:23:58] [DRY-RUN] Akan dihapus: doc_69fbfe0751ea47.51160298_p11.jpg (usia: 441187d, ukuran: 327.69 KB)
[2026-05-12 05:23:58] [DRY-RUN] Akan dihapus: doc_69fbfe0751ea47.51160298_p12.jpg (usia: 441187d, ukuran: 377.4 KB)
[2026-05-12 05:23:58] [DRY-RUN] Akan dihapus: doc_69fbfe0751ea47.51160298_p13.jpg (usia: 441187d, ukuran: 332.26 KB)
[2026-05-12 05:23:58] [DRY-RUN] Akan dihapus: doc_69fbfe0751ea47.51160298_p14.jpg (usia: 441186d, ukuran: 334.38 KB)
[2026-05-12 05:23:58] [DRY-RUN] Akan dihapus: doc_69fbfe0751ea47.51160298_p15.jpg (usia: 441186d, ukuran: 250.58 KB)
[2026-05-12 05:23:58] [DRY-RUN] Akan dihapus: doc_69fbfe0751ea47.51160298_p16.jpg (usia: 441186d, ukuran: 307.09 KB)
[2026-05-12 05:23:58] [DRY-RUN] Akan dihapus: doc_69fbfe0751ea47.51160298_p17.jpg (usia: 441186d, ukuran: 281.76 KB)
[2026-05-12 05:23:58] [DRY-RUN] Akan dihapus: doc_69fbfe0751ea47.51160298_p18.jpg (usia: 441186d, ukuran: 73.93 KB)
[2026-05-12 05:23:58] [DRY-RUN] Akan dihapus: doc_69fbfe0751ea47.51160298_p2.jpg (usia: 441188d, ukuran: 280.25 KB)
[2026-05-12 05:23:58] [DRY-RUN] Akan dihapus: doc_69fbfe0751ea47.51160298_p3.jpg (usia: 441188d, ukuran: 277.31 KB)
[2026-05-12 05:23:58] [DRY-RUN] Akan dihapus: doc_69fbfe0751ea47.51160298_p4.jpg (usia: 441188d, ukuran: 403.32 KB)
[2026-05-12 05:23:58] [DRY-RUN] Akan dihapus: doc_69fbfe0751ea47.51160298_p5.jpg (usia: 441188d, ukuran: 350.14 KB)
[2026-05-12 05:23:58] [DRY-RUN] Akan dihapus: doc_69fbfe0751ea47.51160298_p6.jpg (usia: 441187d, ukuran: 312.8 KB)
[2026-05-12 05:23:58] [DRY-RUN] Akan dihapus: doc_69fbfe0751ea47.51160298_p7.jpg (usia: 441187d, ukuran: 204.3 KB)
[2026-05-12 05:23:58] [DRY-RUN] Akan dihapus: doc_69fbfe0751ea47.51160298_p8.jpg (usia: 441187d, ukuran: 339.05 KB)
[2026-05-12 05:23:58] [DRY-RUN] Akan dihapus: doc_69fbfe0751ea47.51160298_p9.jpg (usia: 441187d, ukuran: 321.4 KB)
[2026-05-12 05:23:58] [DRY-RUN] Akan dihapus: doc_69fbfe2ccdfd21.92879872_p1.jpg (usia: 441140d, ukuran: 390.75 KB)
[2026-05-12 05:23:58] [DRY-RUN] Akan dihapus: doc_69fbfe2ccdfd21.92879872_p10.jpg (usia: 441134d, ukuran: 628.13 KB)
[2026-05-12 05:23:58] [DRY-RUN] Akan dihapus: doc_69fbfe2ccdfd21.92879872_p11.jpg (usia: 441133d, ukuran: 913.47 KB)
[2026-05-12 05:23:58] [DRY-RUN] Akan dihapus: doc_69fbfe2ccdfd21.92879872_p12.jpg (usia: 441132d, ukuran: 1.02 MB)
[2026-05-12 05:23:58] [DRY-RUN] Akan dihapus: doc_69fbfe2ccdfd21.92879872_p13.jpg (usia: 441131d, ukuran: 913.24 KB)
[2026-05-12 05:23:58] [DRY-RUN] Akan dihapus: doc_69fbfe2ccdfd21.92879872_p14.jpg (usia: 441131d, ukuran: 918.87 KB)
[2026-05-12 05:23:58] [DRY-RUN] Akan dihapus: doc_69fbfe2ccdfd21.92879872_p15.jpg (usia: 441130d, ukuran: 696.85 KB)
[2026-05-12 05:23:58] [DRY-RUN] Akan dihapus: doc_69fbfe2ccdfd21.92879872_p16.jpg (usia: 441129d, ukuran: 848.82 KB)
[2026-05-12 05:23:58] [DRY-RUN] Akan dihapus: doc_69fbfe2ccdfd21.92879872_p17.jpg (usia: 441129d, ukuran: 794.73 KB)
[2026-05-12 05:23:58] [DRY-RUN] Akan dihapus: doc_69fbfe2ccdfd21.92879872_p18.jpg (usia: 441128d, ukuran: 224.65 KB)
[2026-05-12 05:23:58] [DRY-RUN] Akan dihapus: doc_69fbfe2ccdfd21.92879872_p2.jpg (usia: 441139d, ukuran: 765.46 KB)
[2026-05-12 05:23:58] [DRY-RUN] Akan dihapus: doc_69fbfe2ccdfd21.92879872_p3.jpg (usia: 441138d, ukuran: 769.49 KB)
[2026-05-12 05:23:58] [DRY-RUN] Akan dihapus: doc_69fbfe2ccdfd21.92879872_p4.jpg (usia: 441138d, ukuran: 1.09 MB)
[2026-05-12 05:23:58] [DRY-RUN] Akan dihapus: doc_69fbfe2ccdfd21.92879872_p5.jpg (usia: 441137d, ukuran: 954.08 KB)
[2026-05-12 05:23:58] [DRY-RUN] Akan dihapus: doc_69fbfe2ccdfd21.92879872_p6.jpg (usia: 441136d, ukuran: 883.44 KB)
[2026-05-12 05:23:58] [DRY-RUN] Akan dihapus: doc_69fbfe2ccdfd21.92879872_p7.jpg (usia: 441136d, ukuran: 587.99 KB)
[2026-05-12 05:23:58] [DRY-RUN] Akan dihapus: doc_69fbfe2ccdfd21.92879872_p8.jpg (usia: 441135d, ukuran: 957.35 KB)
[2026-05-12 05:23:58] [DRY-RUN] Akan dihapus: doc_69fbfe2ccdfd21.92879872_p9.jpg (usia: 441134d, ukuran: 905.99 KB)
[2026-05-12 05:23:58] [DRY-RUN] Akan dihapus: doc_69fbfe6a40e5d2.94305879_p1.jpg (usia: 441078d, ukuran: 661.37 KB)
[2026-05-12 05:23:58] [DRY-RUN] Akan dihapus: doc_69fbfe6a40e5d2.94305879_p10.jpg (usia: 441072d, ukuran: 901.62 KB)
[2026-05-12 05:23:58] [DRY-RUN] Akan dihapus: doc_69fbfe6a40e5d2.94305879_p11.jpg (usia: 441071d, ukuran: 1.3 MB)
[2026-05-12 05:23:58] [DRY-RUN] Akan dihapus: doc_69fbfe6a40e5d2.94305879_p12.jpg (usia: 441071d, ukuran: 1.49 MB)
[2026-05-12 05:23:58] [DRY-RUN] Akan dihapus: doc_69fbfe6a40e5d2.94305879_p13.jpg (usia: 441070d, ukuran: 1.29 MB)
[2026-05-12 05:23:58] [DRY-RUN] Akan dihapus: doc_69fbfe6a40e5d2.94305879_p14.jpg (usia: 441069d, ukuran: 1.3 MB)
[2026-05-12 05:23:58] [DRY-RUN] Akan dihapus: doc_69fbfe6a40e5d2.94305879_p15.jpg (usia: 441069d, ukuran: 1.06 MB)
[2026-05-12 05:23:58] [DRY-RUN] Akan dihapus: doc_69fbfe6a40e5d2.94305879_p16.jpg (usia: 441068d, ukuran: 1.21 MB)
[2026-05-12 05:23:58] [DRY-RUN] Akan dihapus: doc_69fbfe6a40e5d2.94305879_p17.jpg (usia: 441067d, ukuran: 1.16 MB)
[2026-05-12 05:23:58] [DRY-RUN] Akan dihapus: doc_69fbfe6a40e5d2.94305879_p18.jpg (usia: 441067d, ukuran: 289.51 KB)
[2026-05-12 05:23:58] [DRY-RUN] Akan dihapus: doc_69fbfe6a40e5d2.94305879_p2.jpg (usia: 441078d, ukuran: 1.08 MB)
[2026-05-12 05:23:58] [DRY-RUN] Akan dihapus: doc_69fbfe6a40e5d2.94305879_p3.jpg (usia: 441077d, ukuran: 1.09 MB)
[2026-05-12 05:23:58] [DRY-RUN] Akan dihapus: doc_69fbfe6a40e5d2.94305879_p4.jpg (usia: 441076d, ukuran: 1.61 MB)
[2026-05-12 05:23:58] [DRY-RUN] Akan dihapus: doc_69fbfe6a40e5d2.94305879_p5.jpg (usia: 441076d, ukuran: 1.36 MB)
[2026-05-12 05:23:58] [DRY-RUN] Akan dihapus: doc_69fbfe6a40e5d2.94305879_p6.jpg (usia: 441075d, ukuran: 1.26 MB)
[2026-05-12 05:23:58] [DRY-RUN] Akan dihapus: doc_69fbfe6a40e5d2.94305879_p7.jpg (usia: 441074d, ukuran: 841.42 KB)
[2026-05-12 05:23:58] [DRY-RUN] Akan dihapus: doc_69fbfe6a40e5d2.94305879_p8.jpg (usia: 441073d, ukuran: 1.38 MB)
[2026-05-12 05:23:58] [DRY-RUN] Akan dihapus: doc_69fbfe6a40e5d2.94305879_p9.jpg (usia: 441073d, ukuran: 1.3 MB)
[2026-05-12 05:23:58] [DRY-RUN] Akan dihapus: doc_69fc01ce8cd545.76793082_p1.jpg (usia: 440224d, ukuran: 695.2 KB)
[2026-05-12 05:23:58] [DRY-RUN] Akan dihapus: doc_69fc02177cf988.80007542_p1.jpg (usia: 440150d, ukuran: 1.12 MB)
[2026-05-12 05:23:58] [DRY-RUN] Akan dihapus: doc_69fc02177cf988.80007542_p2.jpg (usia: 440149d, ukuran: 357.67 KB)
[2026-05-12 05:23:58] [DRY-RUN] Akan dihapus: doc_69fc09c31b4080.82080957.pdf (usia: 438186d, ukuran: 137.28 KB)
[2026-05-12 05:23:58] [DRY-RUN] Akan dihapus: doc_69fc09c31b4080.82080957_p1.jpg (usia: 438186d, ukuran: 177.29 KB)
[2026-05-12 05:23:58] [DRY-RUN] Akan dihapus: doc_69fc09e128c514.92549241_p1.jpg (usia: 438157d, ukuran: 186.82 KB)
[2026-05-12 05:23:58] [DRY-RUN] Akan dihapus: doc_69fc1033a04df1.84610551.pdf (usia: 436538d, ukuran: 215.43 KB)
[2026-05-12 05:23:58] [DRY-RUN] Akan dihapus: doc_69fc1033a04df1.84610551_p1.jpg (usia: 436537d, ukuran: 253.97 KB)
[2026-05-12 05:23:58] [DRY-RUN] Akan dihapus: doc_69fc11392980b7.28302917.pdf (usia: 436276d, ukuran: 27.58 KB)
[2026-05-12 05:23:58] [DRY-RUN] Akan dihapus: doc_69fc11392980b7.28302917_p1.jpg (usia: 436274d, ukuran: 765.08 KB)
[2026-05-12 05:23:58] [DRY-RUN] Akan dihapus: doc_69fc11392980b7.28302917_p2.jpg (usia: 436273d, ukuran: 599.45 KB)
[2026-05-12 05:23:58] [DRY-RUN] Akan dihapus: doc_69fc11392980b7.28302917_p3.jpg (usia: 436273d, ukuran: 757.95 KB)
[2026-05-12 05:23:58] [DRY-RUN] Akan dihapus: doc_69fc11392980b7.28302917_p4.jpg (usia: 436272d, ukuran: 314.13 KB)
[2026-05-12 05:23:58] [DRY-RUN] Akan dihapus: doc_69fc1364bee181.09771318.pdf (usia: 435720d, ukuran: 213.97 KB)
[2026-05-12 05:23:58] [DRY-RUN] Akan dihapus: doc_69fc1364bee181.09771318_p1.jpg (usia: 435720d, ukuran: 207.92 KB)
[2026-05-12 05:23:58] [DRY-RUN] Akan dihapus: doc_69fc15437433e7.86613310.pdf (usia: 435242d, ukuran: 215.54 KB)
[2026-05-12 05:23:58] [DRY-RUN] Akan dihapus: doc_69fc15437433e7.86613310_p1.jpg (usia: 435241d, ukuran: 250.3 KB)
[2026-05-12 05:23:58] [DRY-RUN] Akan dihapus: doc_69fc15b1d92713.45322680.pdf (usia: 435131d, ukuran: 215.13 KB)
[2026-05-12 05:23:58] [DRY-RUN] Akan dihapus: doc_69fc15b1d92713.45322680_p1.jpg (usia: 435131d, ukuran: 223.71 KB)
[2026-05-12 05:23:58] [DRY-RUN] Akan dihapus: doc_69fc173a86ca14.01991932.pdf (usia: 434739d, ukuran: 214.24 KB)
[2026-05-12 05:23:58] [DRY-RUN] Akan dihapus: doc_69fc173a86ca14.01991932_p1.jpg (usia: 434738d, ukuran: 203.48 KB)
[2026-05-12 05:23:58] [DRY-RUN] Akan dihapus: doc_69fc19be984fa6.97517583.pdf (usia: 434094d, ukuran: 213.84 KB)
[2026-05-12 05:23:58] [DRY-RUN] Akan dihapus: doc_69fc19be984fa6.97517583_p1.jpg (usia: 434094d, ukuran: 263.24 KB)
[2026-05-12 05:23:58] [DRY-RUN] Akan dihapus: doc_69fc1b512f9650.19537681.pdf (usia: 433692d, ukuran: 214.87 KB)
[2026-05-12 05:23:58] [DRY-RUN] Akan dihapus: doc_69fc1b512f9650.19537681_p1.jpg (usia: 433691d, ukuran: 226.26 KB)
[2026-05-12 05:23:58] [DRY-RUN] Akan dihapus: doc_69fc1c11561c25.79594661.pdf (usia: 433500d, ukuran: 234.59 KB)
[2026-05-12 05:23:58] [DRY-RUN] Akan dihapus: doc_69fc1c11561c25.79594661_p1.jpg (usia: 433499d, ukuran: 303.83 KB)
[2026-05-12 05:23:58] [DRY-RUN] Akan dihapus: doc_69fc1e0e8bc807.55848839.pdf (usia: 432991d, ukuran: 36.88 KB)
[2026-05-12 05:23:58] [DRY-RUN] Akan dihapus: doc_69fc1e0e8bc807.55848839_p1.jpg (usia: 432990d, ukuran: 253.3 KB)
[2026-05-12 05:23:58] [DRY-RUN] Akan dihapus: doc_69fc223be5ac02.39478162.pdf (usia: 431921d, ukuran: 36.88 KB)
[2026-05-12 05:23:58] [DRY-RUN] Akan dihapus: doc_69fc223be5ac02.39478162_p1.jpg (usia: 431921d, ukuran: 253.3 KB)
[2026-05-12 05:23:58] [DRY-RUN] Akan dihapus: doc_69fc2257be56a8.36866613.pdf (usia: 431893d, ukuran: 230.99 KB)
[2026-05-12 05:23:58] [DRY-RUN] Akan dihapus: doc_69fc2257be56a8.36866613_p1.jpg (usia: 431893d, ukuran: 245.09 KB)
[2026-05-12 05:23:58] [DRY-RUN] Akan dihapus: doc_69fc22e87f8ad8.96210135.pdf (usia: 431749d, ukuran: 235.16 KB)
[2026-05-12 05:23:58] [DRY-RUN] Akan dihapus: doc_69fc22e87f8ad8.96210135_p1.jpg (usia: 431748d, ukuran: 307.13 KB)
[2026-05-12 05:23:58] [DRY-RUN] Akan dihapus: doc_69fc2369f1b086.52045678.pdf (usia: 431619d, ukuran: 234.68 KB)
[2026-05-12 05:23:58] [DRY-RUN] Akan dihapus: doc_69fc2369f1b086.52045678_p1.jpg (usia: 431619d, ukuran: 309.88 KB)
[2026-05-12 05:23:58] [DRY-RUN] Akan dihapus: doc_69fc23ff402bc8.43148630.pdf (usia: 431470d, ukuran: 39.22 KB)
[2026-05-12 05:23:58] [DRY-RUN] Akan dihapus: doc_69fc23ff402bc8.43148630_p1.jpg (usia: 431470d, ukuran: 247.83 KB)
[2026-05-12 05:23:58] [DRY-RUN] Akan dihapus: doc_69fc246d0d5b04.90923712.pdf (usia: 431360d, ukuran: 40.61 KB)
[2026-05-12 05:23:58] [DRY-RUN] Akan dihapus: doc_69fc246d0d5b04.90923712_p1.jpg (usia: 431360d, ukuran: 230.64 KB)
[2026-05-12 05:23:58] [DRY-RUN] Akan dihapus: doc_69fc254b18f505.01450806.pdf (usia: 431138d, ukuran: 275 KB)
[2026-05-12 05:23:58] [DRY-RUN] Akan dihapus: doc_69fc254b18f505.01450806_p1.jpg (usia: 431138d, ukuran: 334.35 KB)
[2026-05-12 05:23:58] [DRY-RUN] Akan dihapus: doc_69fc25e4115bb7.41455268.pdf (usia: 430985d, ukuran: 273.42 KB)
[2026-05-12 05:23:58] [DRY-RUN] Akan dihapus: doc_69fc25e4115bb7.41455268_p1.jpg (usia: 430985d, ukuran: 316.89 KB)
[2026-05-12 05:23:58] [DRY-RUN] Akan dihapus: doc_69fc2673efbfc5.61666243.pdf (usia: 430841d, ukuran: 273.42 KB)
[2026-05-12 05:23:58] [DRY-RUN] Akan dihapus: doc_69fc2673efbfc5.61666243_p1.jpg (usia: 430841d, ukuran: 316.89 KB)
[2026-05-12 05:23:58] [DRY-RUN] Akan dihapus: doc_69fc269596dd44.03210631.pdf (usia: 430807d, ukuran: 257.87 KB)
[2026-05-12 05:23:58] [DRY-RUN] Akan dihapus: doc_69fc269596dd44.03210631_p1.jpg (usia: 430807d, ukuran: 350.43 KB)
[2026-05-12 05:23:58] [DRY-RUN] Akan dihapus: doc_69fc26eec0e8f6.24072190.pdf (usia: 430718d, ukuran: 35.72 KB)
[2026-05-12 05:23:58] [DRY-RUN] Akan dihapus: doc_69fc26eec0e8f6.24072190_p1.jpg (usia: 430718d, ukuran: 159.72 KB)
[2026-05-12 05:23:58] [DRY-RUN] Akan dihapus: doc_69fc27cbac8de5.41159330.pdf (usia: 430498d, ukuran: 35.26 KB)
[2026-05-12 05:23:58] [DRY-RUN] Akan dihapus: doc_69fc27cbac8de5.41159330_p1.jpg (usia: 430497d, ukuran: 236.62 KB)
[2026-05-12 05:23:58] [DRY-RUN] Akan dihapus: doc_69fc2837889677.74792255.pdf (usia: 430390d, ukuran: 217.61 KB)
[2026-05-12 05:23:58] [DRY-RUN] Akan dihapus: doc_69fc2837889677.74792255_p1.jpg (usia: 430389d, ukuran: 260.47 KB)
[2026-05-12 05:23:58] [DRY-RUN] Akan dihapus: doc_69fc2889f3e573.07937880.pdf (usia: 430307d, ukuran: 273.23 KB)
[2026-05-12 05:23:58] [DRY-RUN] Akan dihapus: doc_69fc2889f3e573.07937880_p1.jpg (usia: 430307d, ukuran: 318.8 KB)
[2026-05-12 05:23:58] [DRY-RUN] Akan dihapus: doc_69fc29cd76cf27.64833674.pdf (usia: 429984d, ukuran: 258.92 KB)
[2026-05-12 05:23:58] [DRY-RUN] Akan dihapus: doc_69fc29cd76cf27.64833674_p1.jpg (usia: 429983d, ukuran: 390.49 KB)
[2026-05-12 05:23:58] [DRY-RUN] Akan dihapus: doc_69fc2a08754020.06266228.pdf (usia: 429925d, ukuran: 258.92 KB)
[2026-05-12 05:23:58] [DRY-RUN] Akan dihapus: doc_69fc2a08754020.06266228_p1.jpg (usia: 429924d, ukuran: 390.49 KB)
[2026-05-12 05:23:58] [DRY-RUN] Akan dihapus: doc_69fc2a96cfdbe6.30761581.pdf (usia: 429782d, ukuran: 35.85 KB)
[2026-05-12 05:23:58] [DRY-RUN] Akan dihapus: doc_69fc2a96cfdbe6.30761581_p1.jpg (usia: 429782d, ukuran: 178.6 KB)
[2026-05-12 05:23:58] [DRY-RUN] Akan dihapus: doc_69fc2afd98c8e9.34572001.pdf (usia: 429680d, ukuran: 217.29 KB)
[2026-05-12 05:23:58] [DRY-RUN] Akan dihapus: doc_69fc2afd98c8e9.34572001_p1.jpg (usia: 429679d, ukuran: 256.47 KB)
[2026-05-12 05:23:58] [DRY-RUN] Akan dihapus: doc_69fc2bbd776d55.38991168.pdf (usia: 429488d, ukuran: 269.47 KB)
[2026-05-12 05:23:58] [DRY-RUN] Akan dihapus: doc_69fc2bbd776d55.38991168_p1.jpg (usia: 429487d, ukuran: 255.28 KB)
[2026-05-12 05:23:58] [DRY-RUN] Akan dihapus: doc_69fc2c13bd13c9.71723093.pdf (usia: 429401d, ukuran: 269.47 KB)
[2026-05-12 05:23:58] [DRY-RUN] Akan dihapus: doc_69fc2c13bd13c9.71723093_p1.jpg (usia: 429401d, ukuran: 255.28 KB)
[2026-05-12 05:23:58] [DRY-RUN] Akan dihapus: doc_69fd412380d154.47190205.pdf (usia: 358473d, ukuran: 30.88 KB)
[2026-05-12 05:23:58] [DRY-RUN] Akan dihapus: doc_69fd412380d154.47190205_p1.jpg (usia: 358473d, ukuran: 109.28 KB)
[2026-05-12 05:23:58] [DRY-RUN] Akan dihapus: doc_69fd43f53ccae6.24892477.pdf (usia: 357752d, ukuran: 220.09 KB)
[2026-05-12 05:23:58] [DRY-RUN] Akan dihapus: doc_69fd43f53ccae6.24892477_p1.jpg (usia: 357751d, ukuran: 210.46 KB)
[2026-05-12 05:23:58] [DRY-RUN] Akan dihapus: doc_69fd48f74d5741.06411333.pdf (usia: 356470d, ukuran: 227.89 KB)
[2026-05-12 05:23:58] [DRY-RUN] Akan dihapus: doc_69fd48f74d5741.06411333_p1.jpg (usia: 356469d, ukuran: 207.48 KB)
[2026-05-12 05:23:58] [DRY-RUN] Akan dihapus: doc_69fd4b50bc1624.32011414.pdf (usia: 355868d, ukuran: 226.24 KB)
[2026-05-12 05:23:58] [DRY-RUN] Akan dihapus: doc_69fd4b50bc1624.32011414_p1.jpg (usia: 355868d, ukuran: 192.84 KB)
[2026-05-12 05:23:58] [DRY-RUN] Akan dihapus: doc_69fd53807df743.27475695.pdf (usia: 353773d, ukuran: 226.24 KB)
[2026-05-12 05:23:58] [DRY-RUN] Akan dihapus: doc_69fd53807df743.27475695_p1.jpg (usia: 353772d, ukuran: 192.84 KB)
[2026-05-12 05:23:58] [DRY-RUN] Akan dihapus: doc_69fd58357d0619.79690680.pdf (usia: 352568d, ukuran: 35.68 KB)
[2026-05-12 05:23:58] [DRY-RUN] Akan dihapus: doc_69fd58357d0619.79690680_p1.jpg (usia: 352568d, ukuran: 160.31 KB)
[2026-05-12 05:23:58] [DRY-RUN] Akan dihapus: doc_69fd59b9f057e4.45433668.pdf (usia: 352179d, ukuran: 269.77 KB)
[2026-05-12 05:23:58] [DRY-RUN] Akan dihapus: doc_69fd59b9f057e4.45433668_p1.jpg (usia: 352179d, ukuran: 265.37 KB)
[2026-05-12 05:23:58] [DRY-RUN] Akan dihapus: doc_69fd67be803cd0.67550607.pdf (usia: 348591d, ukuran: 272.61 KB)
[2026-05-12 05:23:58] [DRY-RUN] Akan dihapus: doc_69fd67be803cd0.67550607_p1.jpg (usia: 348590d, ukuran: 318.98 KB)
[2026-05-12 05:23:58] [DRY-RUN] Akan dihapus: doc_69fd68fd95ed42.48111437.pdf (usia: 348272d, ukuran: 226.14 KB)
[2026-05-12 05:23:58] [DRY-RUN] Akan dihapus: doc_69fd68fd95ed42.48111437_p1.jpg (usia: 348271d, ukuran: 196.46 KB)
[2026-05-12 05:23:58] [DRY-RUN] Akan dihapus: doc_69fd694a3795e8.99349980.pdf (usia: 348195d, ukuran: 273.28 KB)
[2026-05-12 05:23:58] [DRY-RUN] Akan dihapus: doc_69fd694a3795e8.99349980_p1.jpg (usia: 348194d, ukuran: 328.75 KB)
[2026-05-12 05:23:58] [DRY-RUN] Akan dihapus: doc_69fd71c2b1cab1.57193809.pdf (usia: 346027d, ukuran: 37.41 KB)
[2026-05-12 05:23:58] [DRY-RUN] Akan dihapus: doc_69fd71c2b1cab1.57193809_p1.jpg (usia: 346026d, ukuran: 264.66 KB)
[2026-05-12 05:23:58] [DRY-RUN] Akan dihapus: doc_69fe7e48dadf98.18508414.pdf (usia: 277283d, ukuran: 212.87 KB)
[2026-05-12 05:23:58] [DRY-RUN] Akan dihapus: doc_69fe7e48dadf98.18508414_p1.jpg (usia: 277282d, ukuran: 215.7 KB)
[2026-05-12 05:23:58] [DRY-RUN] Akan dihapus: doc_69fe80b7940239.51242661.pdf (usia: 276662d, ukuran: 215.14 KB)
[2026-05-12 05:23:58] [DRY-RUN] Akan dihapus: doc_69fe80b7940239.51242661_p1.jpg (usia: 276661d, ukuran: 228.29 KB)
[2026-05-12 05:23:58] [DRY-RUN] Akan dihapus: doc_69fe82566af168.94257891.pdf (usia: 276247d, ukuran: 38.27 KB)
[2026-05-12 05:23:58] [DRY-RUN] Akan dihapus: doc_69fe82566af168.94257891_p1.jpg (usia: 276246d, ukuran: 173.78 KB)
[2026-05-12 05:23:58] [DRY-RUN] Akan dihapus: doc_69fe862a707f42.59621606.pdf (usia: 275267d, ukuran: 214.58 KB)
[2026-05-12 05:23:58] [DRY-RUN] Akan dihapus: doc_69fe862a707f42.59621606_p1.jpg (usia: 275266d, ukuran: 213.37 KB)
[2026-05-12 05:23:58] [DRY-RUN] Akan dihapus: doc_69fe9149728843.16013618.pdf (usia: 272420d, ukuran: 228.55 KB)
[2026-05-12 05:23:58] [DRY-RUN] Akan dihapus: doc_69fe9149728843.16013618_p1.jpg (usia: 272419d, ukuran: 214.64 KB)
[2026-05-12 05:23:58] [DRY-RUN] Akan dihapus: doc_69fe9181d868f1.32638550.pdf (usia: 272363d, ukuran: 234.33 KB)
[2026-05-12 05:23:58] [DRY-RUN] Akan dihapus: doc_69fe9181d868f1.32638550_p1.jpg (usia: 272363d, ukuran: 299.49 KB)
[2026-05-12 05:23:58] [DRY-RUN] Akan dihapus: doc_69fe9335d0d291.18018434.pdf (usia: 271927d, ukuran: 230.85 KB)
[2026-05-12 05:23:58] [DRY-RUN] Akan dihapus: doc_69fe9335d0d291.18018434_p1.jpg (usia: 271926d, ukuran: 226.9 KB)
[2026-05-12 05:23:58] [DRY-RUN] Akan dihapus: doc_69fe94831073a7.37201371.pdf (usia: 271594d, ukuran: 228.6 KB)
[2026-05-12 05:23:58] [DRY-RUN] Akan dihapus: doc_69fe94831073a7.37201371_p1.jpg (usia: 271594d, ukuran: 220.89 KB)
[2026-05-12 05:23:58] [DRY-RUN] Akan dihapus: doc_69fe96a71c9d86.02568719.pdf (usia: 271046d, ukuran: 227.21 KB)
[2026-05-12 05:23:58] [DRY-RUN] Akan dihapus: doc_69fe96a71c9d86.02568719_p1.jpg (usia: 271045d, ukuran: 201.86 KB)
[2026-05-12 05:23:58] [DRY-RUN] Akan dihapus: doc_69fe9b777778d3.51487558.pdf (usia: 269814d, ukuran: 227.36 KB)
[2026-05-12 05:23:58] [DRY-RUN] Akan dihapus: doc_69fe9b777778d3.51487558_p1.jpg (usia: 269813d, ukuran: 186.61 KB)
[2026-05-12 05:23:58] [DRY-RUN] Akan dihapus: doc_69feb6dd5a4674.18207724.pdf (usia: 262800d, ukuran: 229.16 KB)
[2026-05-12 05:23:58] [DRY-RUN] Akan dihapus: doc_69feb6dd5a4674.18207724_p1.jpg (usia: 262799d, ukuran: 225.19 KB)
[2026-05-12 05:23:58] [DRY-RUN] Akan dihapus: doc_69feb75f6b94e3.01571020.pdf (usia: 262670d, ukuran: 231.05 KB)
[2026-05-12 05:23:58] [DRY-RUN] Akan dihapus: doc_69feb75f6b94e3.01571020_p1.jpg (usia: 262669d, ukuran: 219.56 KB)
[2026-05-12 05:23:58] [DRY-RUN] Akan dihapus: doc_69feb778b7b9a9.99261664.pdf (usia: 262644d, ukuran: 231.05 KB)
[2026-05-12 05:23:58] [DRY-RUN] Akan dihapus: doc_69feb778b7b9a9.99261664_p1.jpg (usia: 262644d, ukuran: 219.56 KB)
[2026-05-12 05:23:58] [DRY-RUN] Akan dihapus: doc_69feb8237db231.16832615.pdf (usia: 262474d, ukuran: 226.74 KB)
[2026-05-12 05:23:58] [DRY-RUN] Akan dihapus: doc_69feb8237db231.16832615_p1.jpg (usia: 262473d, ukuran: 196.86 KB)
[2026-05-12 05:23:58] [DRY-RUN] Akan dihapus: doc_69feb8a1c93081.60561225.pdf (usia: 262347d, ukuran: 215.75 KB)
[2026-05-12 05:23:58] [DRY-RUN] Akan dihapus: doc_69feb8a1c93081.60561225_p1.jpg (usia: 262347d, ukuran: 255.97 KB)
[2026-05-12 05:23:58] [DRY-RUN] Akan dihapus: doc_69feb8bac529a9.29281866.pdf (usia: 262322d, ukuran: 215.75 KB)
[2026-05-12 05:23:58] [DRY-RUN] Akan dihapus: doc_69feb8bac529a9.29281866_p1.jpg (usia: 262321d, ukuran: 255.97 KB)
[2026-05-12 05:23:58] [DRY-RUN] Akan dihapus: doc_69feb92d867b62.17149295.pdf (usia: 262208d, ukuran: 216.3 KB)
[2026-05-12 05:23:58] [DRY-RUN] Akan dihapus: doc_69feb92d867b62.17149295_p1.jpg (usia: 262207d, ukuran: 253.3 KB)
[2026-05-12 05:23:58] [DRY-RUN] Akan dihapus: doc_69feba7ab3da81.59225854.pdf (usia: 261875d, ukuran: 32.21 KB)
[2026-05-12 05:23:58] [DRY-RUN] Akan dihapus: doc_69feba7ab3da81.59225854_p1.jpg (usia: 261874d, ukuran: 118.43 KB)
[2026-05-12 05:23:58] [DRY-RUN] Akan dihapus: doc_69febad9783895.06124765.pdf (usia: 261780d, ukuran: 269.2 KB)
[2026-05-12 05:23:58] [DRY-RUN] Akan dihapus: doc_69febad9783895.06124765_p1.jpg (usia: 261779d, ukuran: 256.49 KB)
[2026-05-12 05:23:58] [DRY-RUN] Akan dihapus: doc_69febc1c6da3f5.82678559_p1.jpg (usia: 261458d, ukuran: 186.97 KB)
[2026-05-12 05:23:58] [DRY-RUN] Akan dihapus: doc_69febc60443f00.70376332_p1.jpg (usia: 261390d, ukuran: 186.71 KB)
[2026-05-12 05:23:58] [DRY-RUN] Akan dihapus: doc_69feca303e4857.78456151_p1.jpg (usia: 257854d, ukuran: 186.71 KB)
[2026-05-12 05:23:58] [DRY-RUN] Akan dihapus: doc_6a0299592c45e0.24087511.pdf (usia: 8211d, ukuran: 44.48 KB)
[2026-05-12 05:23:58] [DRY-RUN] Akan dihapus: doc_6a0299829beb80.93758780.pdf (usia: 8171d, ukuran: 44.48 KB)
[2026-05-12 05:23:58] [DRY-RUN] Akan dihapus: doc_6a029b9e800da6.29899508.pdf (usia: 7631d, ukuran: 235.14 KB)
[2026-05-12 05:23:58] [DRY-RUN] Akan dihapus: doc_6a029c8c449300.47765392.pdf (usia: 7393d, ukuran: 42.65 KB)
[2026-05-12 05:23:58] [DRY-RUN] Akan dihapus: doc_6a029d0d299fc7.88761298.pdf (usia: 7265d, ukuran: 42.65 KB)
[2026-05-12 05:23:58] [DRY-RUN] Akan dihapus: doc_6a029d4bcbae51.86375062.pdf (usia: 6332d, ukuran: 42.65 KB)
[2026-05-12 05:23:58] [DRY-RUN] Akan dihapus: doc_6a02a216e2a852.95607901.pdf (usia: 5974d, ukuran: 42.65 KB)
[2026-05-12 05:23:58] [DRY-RUN] Akan dihapus: doc_6a02a394514053.75633959.pdf (usia: 5592d, ukuran: 216.19 KB)
[2026-05-12 05:23:58] [DRY-RUN] Akan dihapus: doc_6a02a55231ab78.80898141.pdf (usia: 5147d, ukuran: 42.65 KB)
[2026-05-12 05:23:58] [DRY-RUN] Akan dihapus: doc_6a02a64bd787f2.58774690_page1.jpg (usia: 4899d, ukuran: 342.77 KB)
[2026-05-12 05:23:58] [DRY-RUN] Akan dihapus: doc_6a02a64bd787f2.58774690_page2.jpg (usia: 4899d, ukuran: 89.1 KB)
[2026-05-12 05:23:58] [DRY-RUN] Akan dihapus: doc_6a02a6721e5508.51298358.pdf (usia: 4856d, ukuran: 216.25 KB)
[2026-05-12 05:23:58] [DRY-RUN] Akan dihapus: doc_6a02a6721e5508.51298358_page1.jpg (usia: 4856d, ukuran: 217.47 KB)
[2026-05-12 05:23:58] [DRY-RUN] Akan dihapus: doc_6a02a6851f59a2.07719410.pdf (usia: 4840d, ukuran: 42.65 KB)
[2026-05-12 05:23:58] [DRY-RUN] Akan dihapus: doc_6a02a6851f59a2.07719410_page1.jpg (usia: 4839d, ukuran: 276.98 KB)
[2026-05-12 05:23:58] [DRY-RUN] Akan dihapus: doc_6a02a6851f59a2.07719410_page2.jpg (usia: 4839d, ukuran: 135.42 KB)
[2026-05-12 05:23:58] [DRY-RUN] Akan dihapus: doc_6a02a6a0b812d4.97316262.pdf (usia: 4810d, ukuran: 216.25 KB)
[2026-05-12 05:23:58] [DRY-RUN] Akan dihapus: doc_6a02a6a0b812d4.97316262_page1.jpg (usia: 4809d, ukuran: 217.47 KB)
[2026-05-12 05:23:58] [DRY-RUN] Akan dihapus: test_page1.jpg (usia: 4926d, ukuran: 342.77 KB)
[2026-05-12 05:23:58] [DRY-RUN] Akan dihapus: test_page2.jpg (usia: 4926d, ukuran: 89.1 KB)
[2026-05-12 05:23:58] [DRY-RUN] Selesai. Akan dihapus: 509 file (189.2 MB) | Dilewati: 80 | Error: 0
[2026-05-12 05:24:43] Memulai cleanup. Max-age: 3600 detik (60 menit).
[2026-05-12 05:24:43] Dihapus: doc_69faeaa6bf21a0.25641435.docx (usia: 511733d, ukuran: 107.98 KB)
[2026-05-12 05:24:43] Dihapus: doc_69faeab4e2ac04.11647530.xlsx (usia: 511719d, ukuran: 2.57 KB)
[2026-05-12 05:24:43] Dihapus: doc_69fb4c49734b04.00969933.docx (usia: 486738d, ukuran: 21.82 KB)
[2026-05-12 05:24:43] Dihapus: doc_69fb4ef92e1193.96744027.docx (usia: 486050d, ukuran: 21.82 KB)
[2026-05-12 05:24:43] Dihapus: doc_69fb504619fd01.57495198.pdf (usia: 485717d, ukuran: 134.08 KB)
[2026-05-12 05:24:43] Dihapus: doc_69fb5bf1e8cc24.87882134.pdf (usia: 482730d, ukuran: 916.6 KB)
[2026-05-12 05:24:43] Dihapus: doc_69fb5d75a35e06.46133073.pdf (usia: 482342d, ukuran: 187.59 KB)
[2026-05-12 05:24:43] Dihapus: doc_69fb5e6f645ca7.29617029.pdf (usia: 482092d, ukuran: 175.93 KB)
[2026-05-12 05:24:43] Dihapus: doc_69fb5e9fe2e918.90575908.pdf (usia: 482044d, ukuran: 187.59 KB)
[2026-05-12 05:24:43] Dihapus: doc_69fb5efd9d9ad1.31574434.pdf (usia: 481950d, ukuran: 187.59 KB)
[2026-05-12 05:24:43] Dihapus: doc_69fb6101e42806.34681877.pdf (usia: 481434d, ukuran: 187.59 KB)
[2026-05-12 05:24:43] Dihapus: doc_69fb6385ad2215.61007588.pdf (usia: 480790d, ukuran: 187.59 KB)
[2026-05-12 05:24:43] Dihapus: doc_69fb64139d0268.26690495.pdf (usia: 480648d, ukuran: 187.59 KB)
[2026-05-12 05:24:43] Dihapus: doc_69fb647a11a949.75609204.pdf (usia: 480545d, ukuran: 149.98 KB)
[2026-05-12 05:24:43] Dihapus: doc_69fb66b394d690.08599244.pdf (usia: 479976d, ukuran: 175.93 KB)
[2026-05-12 05:24:43] Dihapus: doc_69fb670fa5d4c5.50247369.pdf (usia: 479884d, ukuran: 175.93 KB)
[2026-05-12 05:24:43] Dihapus: doc_69fb67fdc8f473.01308532.pdf (usia: 479646d, ukuran: 175.93 KB)
[2026-05-12 05:24:43] Dihapus: doc_69fb68ded0e639.94711964.pdf (usia: 479421d, ukuran: 567.01 KB)
[2026-05-12 05:24:43] Dihapus: doc_69fb690e985bf9.89010009.docx (usia: 479373d, ukuran: 33.86 KB)
[2026-05-12 05:24:43] Dihapus: doc_69fbdc59afd1a5.49155971.xlsx (usia: 449858d, ukuran: 7.96 KB)
[2026-05-12 05:24:43] Dihapus: doc_69fbefee5aead6.60621461.docx (usia: 444845d, ukuran: 33.86 KB)
[2026-05-12 05:24:43] Dihapus: doc_69fbf0a1e4e911.26828158.docx (usia: 444666d, ukuran: 81.01 KB)
[2026-05-12 05:24:43] Dihapus: doc_69fbf5ec9b9853.32167503.docx (usia: 443311d, ukuran: 216.03 KB)
[2026-05-12 05:24:43] Dihapus: doc_69fbf7b522e4e5.78912096.docx (usia: 442854d, ukuran: 33.86 KB)
[2026-05-12 05:24:43] Dihapus: doc_69fbf8e6654933.01060527.docx (usia: 442549d, ukuran: 216 KB)
[2026-05-12 05:24:43] Dihapus: doc_69fbfe0751ea47.51160298.pdf (usia: 441236d, ukuran: 175.93 KB)
[2026-05-12 05:24:43] Dihapus: doc_69fbfe2ccdfd21.92879872.pdf (usia: 441199d, ukuran: 175.93 KB)
[2026-05-12 05:24:43] Dihapus: doc_69fbfe6a40e5d2.94305879.pdf (usia: 441137d, ukuran: 175.93 KB)
[2026-05-12 05:24:43] Dihapus: doc_69fc01ce8cd545.76793082.png (usia: 440269d, ukuran: 178.8 KB)
[2026-05-12 05:24:43] Dihapus: doc_69fc02177cf988.80007542.pdf (usia: 440196d, ukuran: 55.31 KB)
[2026-05-12 05:24:43] Dihapus: doc_69fc09c31b4080.82080957.docx (usia: 438232d, ukuran: 216 KB)
[2026-05-12 05:24:43] Dihapus: doc_69fc09e128c514.92549241.pdf (usia: 438202d, ukuran: 398.91 KB)
[2026-05-12 05:24:43] Dihapus: doc_69fc1033a04df1.84610551.docx (usia: 436584d, ukuran: 350.58 KB)
[2026-05-12 05:24:43] Dihapus: doc_69fc11392980b7.28302917.docx (usia: 436322d, ukuran: 16.91 KB)
[2026-05-12 05:24:43] Dihapus: doc_69fc1364bee181.09771318.docx (usia: 435767d, ukuran: 350.36 KB)
[2026-05-12 05:24:43] Dihapus: doc_69fc15437433e7.86613310.docx (usia: 435288d, ukuran: 350.49 KB)
[2026-05-12 05:24:43] Dihapus: doc_69fc15b1d92713.45322680.docx (usia: 435178d, ukuran: 350.51 KB)
[2026-05-12 05:24:43] Dihapus: doc_69fc173a86ca14.01991932.docx (usia: 434785d, ukuran: 350.26 KB)
[2026-05-12 05:24:43] Dihapus: doc_69fc19be984fa6.97517583.docx (usia: 434141d, ukuran: 350.5 KB)
[2026-05-12 05:24:43] Dihapus: doc_69fc1b512f9650.19537681.docx (usia: 433738d, ukuran: 350.47 KB)
[2026-05-12 05:24:43] Dihapus: doc_69fc1c11561c25.79594661.docx (usia: 433546d, ukuran: 328.73 KB)
[2026-05-12 05:24:43] Dihapus: doc_69fc1e0e8bc807.55848839.docx (usia: 433037d, ukuran: 80.99 KB)
[2026-05-12 05:24:43] Dihapus: doc_69fc223be5ac02.39478162.docx (usia: 431968d, ukuran: 80.99 KB)
[2026-05-12 05:24:43] Dihapus: doc_69fc2257be56a8.36866613.docx (usia: 431940d, ukuran: 328.61 KB)
[2026-05-12 05:24:43] Dihapus: doc_69fc22e87f8ad8.96210135.docx (usia: 431795d, ukuran: 329.05 KB)
[2026-05-12 05:24:43] Dihapus: doc_69fc2369f1b086.52045678.docx (usia: 431666d, ukuran: 328.89 KB)
[2026-05-12 05:24:43] Dihapus: doc_69fc23ff402bc8.43148630.docx (usia: 431516d, ukuran: 81.09 KB)
[2026-05-12 05:24:43] Dihapus: doc_69fc246d0d5b04.90923712.doc (usia: 431406d, ukuran: 28.5 KB)
[2026-05-12 05:24:43] Dihapus: doc_69fc254b18f505.01450806.docx (usia: 431184d, ukuran: 769.86 KB)
[2026-05-12 05:24:43] Dihapus: doc_69fc25e4115bb7.41455268.docx (usia: 431031d, ukuran: 769.49 KB)
[2026-05-12 05:24:43] Dihapus: doc_69fc2673efbfc5.61666243.docx (usia: 430888d, ukuran: 769.49 KB)
[2026-05-12 05:24:43] Dihapus: doc_69fc269596dd44.03210631.docx (usia: 430854d, ukuran: 651.8 KB)
[2026-05-12 05:24:43] Dihapus: doc_69fc26eec0e8f6.24072190.docx (usia: 430765d, ukuran: 80.72 KB)
[2026-05-12 05:24:43] Dihapus: doc_69fc27cbac8de5.41159330.docx (usia: 430544d, ukuran: 80.89 KB)
[2026-05-12 05:24:43] Dihapus: doc_69fc2837889677.74792255.docx (usia: 430436d, ukuran: 350.66 KB)
[2026-05-12 05:24:43] Dihapus: doc_69fc2889f3e573.07937880.docx (usia: 430354d, ukuran: 769.48 KB)
[2026-05-12 05:24:43] Dihapus: doc_69fc29cd76cf27.64833674.docx (usia: 430030d, ukuran: 652.92 KB)
[2026-05-12 05:24:43] Dihapus: doc_69fc2a08754020.06266228.docx (usia: 429971d, ukuran: 652.92 KB)
[2026-05-12 05:24:43] Dihapus: doc_69fc2a96cfdbe6.30761581.docx (usia: 429829d, ukuran: 80.84 KB)
[2026-05-12 05:24:43] Dihapus: doc_69fc2afd98c8e9.34572001.docx (usia: 429726d, ukuran: 350.95 KB)
[2026-05-12 05:24:43] Dihapus: doc_69fc2bbd776d55.38991168.docx (usia: 429534d, ukuran: 767.52 KB)
[2026-05-12 05:24:43] Dihapus: doc_69fc2c13bd13c9.71723093.docx (usia: 429448d, ukuran: 767.52 KB)
[2026-05-12 05:24:43] Dihapus: doc_69fd412380d154.47190205.docx (usia: 358520d, ukuran: 80.08 KB)
[2026-05-12 05:24:43] Dihapus: doc_69fd43f53ccae6.24892477.docx (usia: 357798d, ukuran: 306.93 KB)
[2026-05-12 05:24:43] Dihapus: doc_69fd48f74d5741.06411333.docx (usia: 356516d, ukuran: 328.78 KB)
[2026-05-12 05:24:43] Dihapus: doc_69fd4b50bc1624.32011414.docx (usia: 355915d, ukuran: 328.71 KB)
[2026-05-12 05:24:43] Dihapus: doc_69fd53807df743.27475695.docx (usia: 353819d, ukuran: 328.71 KB)
[2026-05-12 05:24:43] Dihapus: doc_69fd58357d0619.79690680.doc (usia: 352614d, ukuran: 26.5 KB)
[2026-05-12 05:24:43] Dihapus: doc_69fd59b9f057e4.45433668.docx (usia: 352226d, ukuran: 767.99 KB)
[2026-05-12 05:24:43] Dihapus: doc_69fd67be803cd0.67550607.docx (usia: 348637d, ukuran: 769.11 KB)
[2026-05-12 05:24:43] Dihapus: doc_69fd68fd95ed42.48111437.docx (usia: 348318d, ukuran: 328.71 KB)
[2026-05-12 05:24:43] Dihapus: doc_69fd694a3795e8.99349980.docx (usia: 348241d, ukuran: 769.46 KB)
[2026-05-12 05:24:43] Dihapus: doc_69fd71c2b1cab1.57193809.docx (usia: 346073d, ukuran: 81.28 KB)
[2026-05-12 05:24:43] Dihapus: doc_69fe7e48dadf98.18508414.docx (usia: 277331d, ukuran: 350.69 KB)
[2026-05-12 05:24:43] Dihapus: doc_69fe80b7940239.51242661.docx (usia: 276708d, ukuran: 350.72 KB)
[2026-05-12 05:24:43] Dihapus: doc_69fe82566af168.94257891.docx (usia: 276293d, ukuran: 81.05 KB)
[2026-05-12 05:24:43] Dihapus: doc_69fe862a707f42.59621606.docx (usia: 275313d, ukuran: 350.83 KB)
[2026-05-12 05:24:43] Dihapus: doc_69fe9149728843.16013618.docx (usia: 272466d, ukuran: 328.89 KB)
[2026-05-12 05:24:43] Dihapus: doc_69fe9181d868f1.32638550.docx (usia: 272410d, ukuran: 328.96 KB)
[2026-05-12 05:24:43] Dihapus: doc_69fe9335d0d291.18018434.docx (usia: 271974d, ukuran: 329 KB)
[2026-05-12 05:24:43] Dihapus: doc_69fe94831073a7.37201371.docx (usia: 271640d, ukuran: 328.92 KB)
[2026-05-12 05:24:43] Dihapus: doc_69fe96a71c9d86.02568719.docx (usia: 271092d, ukuran: 328.79 KB)
[2026-05-12 05:24:43] Dihapus: doc_69fe9b777778d3.51487558.docx (usia: 269860d, ukuran: 328.75 KB)
[2026-05-12 05:24:43] Dihapus: doc_69feb6dd5a4674.18207724.docx (usia: 262846d, ukuran: 328.95 KB)
[2026-05-12 05:24:43] Dihapus: doc_69feb75f6b94e3.01571020.docx (usia: 262716d, ukuran: 329 KB)
[2026-05-12 05:24:43] Dihapus: doc_69feb778b7b9a9.99261664.docx (usia: 262691d, ukuran: 329 KB)
[2026-05-12 05:24:43] Dihapus: doc_69feb8237db231.16832615.docx (usia: 262520d, ukuran: 328.79 KB)
[2026-05-12 05:24:43] Dihapus: doc_69feb8a1c93081.60561225.docx (usia: 262394d, ukuran: 350.86 KB)
[2026-05-12 05:24:43] Dihapus: doc_69feb8bac529a9.29281866.docx (usia: 262369d, ukuran: 350.86 KB)
[2026-05-12 05:24:43] Dihapus: doc_69feb92d867b62.17149295.docx (usia: 262254d, ukuran: 350.8 KB)
[2026-05-12 05:24:43] Dihapus: doc_69feba7ab3da81.59225854.doc (usia: 261921d, ukuran: 27 KB)
[2026-05-12 05:24:43] Dihapus: doc_69febad9783895.06124765.docx (usia: 261826d, ukuran: 767.66 KB)
[2026-05-12 05:24:43] Dihapus: doc_69febc1c6da3f5.82678559.pdf (usia: 261503d, ukuran: 255.51 KB)
[2026-05-12 05:24:43] Dihapus: doc_69febc60443f00.70376332.pdf (usia: 261435d, ukuran: 257.11 KB)
[2026-05-12 05:24:43] Dihapus: doc_69feca303e4857.78456151.pdf (usia: 257899d, ukuran: 257.11 KB)
[2026-05-12 05:24:43] Dihapus: doc_6a0299592c45e0.24087511.docx (usia: 8258d, ukuran: 81.13 KB)
[2026-05-12 05:24:43] Dihapus: doc_6a0299829beb80.93758780.docx (usia: 8217d, ukuran: 81.13 KB)
[2026-05-12 05:24:43] Dihapus: doc_6a029b9e800da6.29899508.docx (usia: 7677d, ukuran: 328.95 KB)
[2026-05-12 05:24:43] Dihapus: doc_6a029c8c449300.47765392.docx (usia: 7439d, ukuran: 17.25 KB)
[2026-05-12 05:24:43] Dihapus: doc_6a029d0d299fc7.88761298.docx (usia: 7310d, ukuran: 17.25 KB)
[2026-05-12 05:24:43] Dihapus: doc_6a029d4bcbae51.86375062.docx (usia: 7248d, ukuran: 17.25 KB)
[2026-05-12 05:24:43] Dihapus: doc_6a029d52c5a178.41274048.pdf (usia: 7241d, ukuran: 55.31 KB)
[2026-05-12 05:24:43] Dihapus: doc_6a029db2c1e8d9.26563583.pdf (usia: 7145d, ukuran: 55.31 KB)
[2026-05-12 05:24:43] Dihapus: doc_6a029fd3638c51.26936989.pdf (usia: 6600d, ukuran: 55.31 KB)
[2026-05-12 05:24:43] Dihapus: doc_6a02a146136618.95540028.pdf (usia: 6229d, ukuran: 55.31 KB)
[2026-05-12 05:24:43] Dihapus: doc_6a02a1bf4d07c8.72516300.pdf (usia: 6108d, ukuran: 55.31 KB)
[2026-05-12 05:24:43] Dihapus: doc_6a02a216e2a852.95607901.docx (usia: 6021d, ukuran: 17.25 KB)
[2026-05-12 05:24:43] Dihapus: doc_6a02a32f431de7.58377029.pdf (usia: 5740d, ukuran: 55.31 KB)
[2026-05-12 05:24:43] Dihapus: doc_6a02a394514053.75633959.docx (usia: 5639d, ukuran: 350.78 KB)
[2026-05-12 05:24:43] Dihapus: doc_6a02a55231ab78.80898141.docx (usia: 5193d, ukuran: 17.25 KB)
[2026-05-12 05:24:43] Dihapus: doc_6a02a64bd787f2.58774690.pdf (usia: 4944d, ukuran: 55.31 KB)
[2026-05-12 05:24:43] Dihapus: doc_6a02a6721e5508.51298358.docx (usia: 4905d, ukuran: 350.8 KB)
[2026-05-12 05:24:43] Dihapus: doc_6a02a6851f59a2.07719410.docx (usia: 4886d, ukuran: 17.25 KB)
[2026-05-12 05:24:43] Dihapus: doc_6a02a6a0b812d4.97316262.docx (usia: 4859d, ukuran: 350.8 KB)
[2026-05-12 05:24:43] Dihapus: doc_69fb4ef92e1193.96744027.pdf (usia: 486049d, ukuran: 82.13 KB)
[2026-05-12 05:24:43] Dihapus: doc_69fb4ef92e1193.96744027_p1.jpg (usia: 486047d, ukuran: 267.19 KB)
[2026-05-12 05:24:43] Dihapus: doc_69fb4ef92e1193.96744027_p2.jpg (usia: 486047d, ukuran: 267.19 KB)
[2026-05-12 05:24:43] Dihapus: doc_69fb4ef92e1193.96744027_p3.jpg (usia: 486047d, ukuran: 267.19 KB)
[2026-05-12 05:24:43] Dihapus: doc_69fb4ef92e1193.96744027_p4.jpg (usia: 486047d, ukuran: 267.19 KB)
[2026-05-12 05:24:43] Dihapus: doc_69fb4ef92e1193.96744027_p5.jpg (usia: 486047d, ukuran: 267.19 KB)
[2026-05-12 05:24:43] Dihapus: doc_69fb504619fd01.57495198_p1.jpg (usia: 485714d, ukuran: 1022.28 KB)
[2026-05-12 05:24:43] Dihapus: doc_69fb504619fd01.57495198_p2.jpg (usia: 485713d, ukuran: 1022.28 KB)
[2026-05-12 05:24:43] Dihapus: doc_69fb504619fd01.57495198_p3.jpg (usia: 485712d, ukuran: 1022.28 KB)
[2026-05-12 05:24:43] Dihapus: doc_69fb504619fd01.57495198_p4.jpg (usia: 485710d, ukuran: 1022.28 KB)
[2026-05-12 05:24:43] Dihapus: doc_69fb504619fd01.57495198_p5.jpg (usia: 485709d, ukuran: 1022.28 KB)
[2026-05-12 05:24:43] Dihapus: doc_69fb5bf1e8cc24.87882134_p1.jpg (usia: 482726d, ukuran: 134.86 KB)
[2026-05-12 05:24:43] Dihapus: doc_69fb5bf1e8cc24.87882134_p10.jpg (usia: 482721d, ukuran: 134.86 KB)
[2026-05-12 05:24:43] Dihapus: doc_69fb5bf1e8cc24.87882134_p11.jpg (usia: 482720d, ukuran: 134.86 KB)
[2026-05-12 05:24:43] Dihapus: doc_69fb5bf1e8cc24.87882134_p12.jpg (usia: 482720d, ukuran: 134.86 KB)
[2026-05-12 05:24:43] Dihapus: doc_69fb5bf1e8cc24.87882134_p13.jpg (usia: 482719d, ukuran: 134.86 KB)
[2026-05-12 05:24:43] Dihapus: doc_69fb5bf1e8cc24.87882134_p2.jpg (usia: 482726d, ukuran: 134.86 KB)
[2026-05-12 05:24:43] Dihapus: doc_69fb5bf1e8cc24.87882134_p3.jpg (usia: 482725d, ukuran: 134.86 KB)
[2026-05-12 05:24:43] Dihapus: doc_69fb5bf1e8cc24.87882134_p4.jpg (usia: 482724d, ukuran: 134.86 KB)
[2026-05-12 05:24:43] Dihapus: doc_69fb5bf1e8cc24.87882134_p5.jpg (usia: 482724d, ukuran: 134.86 KB)
[2026-05-12 05:24:43] Dihapus: doc_69fb5bf1e8cc24.87882134_p6.jpg (usia: 482723d, ukuran: 134.86 KB)
[2026-05-12 05:24:43] Dihapus: doc_69fb5bf1e8cc24.87882134_p7.jpg (usia: 482723d, ukuran: 134.86 KB)
[2026-05-12 05:24:43] Dihapus: doc_69fb5bf1e8cc24.87882134_p8.jpg (usia: 482722d, ukuran: 134.86 KB)
[2026-05-12 05:24:43] Dihapus: doc_69fb5bf1e8cc24.87882134_p9.jpg (usia: 482722d, ukuran: 134.86 KB)
[2026-05-12 05:24:43] Dihapus: doc_69fb5d75a35e06.46133073_p1.jpg (usia: 482340d, ukuran: 311.59 KB)
[2026-05-12 05:24:43] Dihapus: doc_69fb5d75a35e06.46133073_p2.jpg (usia: 482340d, ukuran: 311.59 KB)
[2026-05-12 05:24:43] Dihapus: doc_69fb5d75a35e06.46133073_p3.jpg (usia: 482339d, ukuran: 311.59 KB)
[2026-05-12 05:24:43] Dihapus: doc_69fb5d75a35e06.46133073_p4.jpg (usia: 482339d, ukuran: 311.59 KB)
[2026-05-12 05:24:43] Dihapus: doc_69fb5d75a35e06.46133073_p5.jpg (usia: 482339d, ukuran: 311.59 KB)
[2026-05-12 05:24:43] Dihapus: doc_69fb5d75a35e06.46133073_p6.jpg (usia: 482338d, ukuran: 311.59 KB)
[2026-05-12 05:24:43] Dihapus: doc_69fb5d75a35e06.46133073_p7.jpg (usia: 482338d, ukuran: 311.59 KB)
[2026-05-12 05:24:43] Dihapus: doc_69fb5d75a35e06.46133073_p8.jpg (usia: 482338d, ukuran: 311.59 KB)
[2026-05-12 05:24:43] Dihapus: doc_69fb5e6f645ca7.29617029_p1.jpg (usia: 482088d, ukuran: 71.87 KB)
[2026-05-12 05:24:43] Dihapus: doc_69fb5e6f645ca7.29617029_p10.jpg (usia: 482079d, ukuran: 71.87 KB)
[2026-05-12 05:24:43] Dihapus: doc_69fb5e6f645ca7.29617029_p11.jpg (usia: 482078d, ukuran: 71.87 KB)
[2026-05-12 05:24:43] Dihapus: doc_69fb5e6f645ca7.29617029_p12.jpg (usia: 482077d, ukuran: 71.87 KB)
[2026-05-12 05:24:43] Dihapus: doc_69fb5e6f645ca7.29617029_p13.jpg (usia: 482076d, ukuran: 71.87 KB)
[2026-05-12 05:24:43] Dihapus: doc_69fb5e6f645ca7.29617029_p14.jpg (usia: 482075d, ukuran: 71.87 KB)
[2026-05-12 05:24:43] Dihapus: doc_69fb5e6f645ca7.29617029_p15.jpg (usia: 482074d, ukuran: 71.87 KB)
[2026-05-12 05:24:43] Dihapus: doc_69fb5e6f645ca7.29617029_p16.jpg (usia: 482073d, ukuran: 71.87 KB)
[2026-05-12 05:24:43] Dihapus: doc_69fb5e6f645ca7.29617029_p17.jpg (usia: 482072d, ukuran: 71.87 KB)
[2026-05-12 05:24:43] Dihapus: doc_69fb5e6f645ca7.29617029_p18.jpg (usia: 482071d, ukuran: 71.87 KB)
[2026-05-12 05:24:43] Dihapus: doc_69fb5e6f645ca7.29617029_p2.jpg (usia: 482087d, ukuran: 71.87 KB)
[2026-05-12 05:24:43] Dihapus: doc_69fb5e6f645ca7.29617029_p3.jpg (usia: 482086d, ukuran: 71.87 KB)
[2026-05-12 05:24:43] Dihapus: doc_69fb5e6f645ca7.29617029_p4.jpg (usia: 482085d, ukuran: 71.87 KB)
[2026-05-12 05:24:43] Dihapus: doc_69fb5e6f645ca7.29617029_p5.jpg (usia: 482084d, ukuran: 71.87 KB)
[2026-05-12 05:24:43] Dihapus: doc_69fb5e6f645ca7.29617029_p6.jpg (usia: 482083d, ukuran: 71.87 KB)
[2026-05-12 05:24:43] Dihapus: doc_69fb5e6f645ca7.29617029_p7.jpg (usia: 482082d, ukuran: 71.87 KB)
[2026-05-12 05:24:43] Dihapus: doc_69fb5e6f645ca7.29617029_p8.jpg (usia: 482081d, ukuran: 71.87 KB)
[2026-05-12 05:24:43] Dihapus: doc_69fb5e6f645ca7.29617029_p9.jpg (usia: 482080d, ukuran: 71.87 KB)
[2026-05-12 05:24:43] Dihapus: doc_69fb5e9fe2e918.90575908_p1.jpg (usia: 482042d, ukuran: 311.59 KB)
[2026-05-12 05:24:43] Dihapus: doc_69fb5e9fe2e918.90575908_p2.jpg (usia: 482041d, ukuran: 311.59 KB)
[2026-05-12 05:24:43] Dihapus: doc_69fb5e9fe2e918.90575908_p3.jpg (usia: 482041d, ukuran: 311.59 KB)
[2026-05-12 05:24:43] Dihapus: doc_69fb5e9fe2e918.90575908_p4.jpg (usia: 482041d, ukuran: 311.59 KB)
[2026-05-12 05:24:43] Dihapus: doc_69fb5e9fe2e918.90575908_p5.jpg (usia: 482040d, ukuran: 311.59 KB)
[2026-05-12 05:24:43] Dihapus: doc_69fb5e9fe2e918.90575908_p6.jpg (usia: 482040d, ukuran: 311.59 KB)
[2026-05-12 05:24:43] Dihapus: doc_69fb5e9fe2e918.90575908_p7.jpg (usia: 482039d, ukuran: 311.59 KB)
[2026-05-12 05:24:43] Dihapus: doc_69fb5e9fe2e918.90575908_p8.jpg (usia: 482039d, ukuran: 311.59 KB)
[2026-05-12 05:24:43] Dihapus: doc_69fb5efd9d9ad1.31574434_p1.jpg (usia: 481948d, ukuran: 311.59 KB)
[2026-05-12 05:24:43] Dihapus: doc_69fb5efd9d9ad1.31574434_p2.jpg (usia: 481948d, ukuran: 311.59 KB)
[2026-05-12 05:24:43] Dihapus: doc_69fb5efd9d9ad1.31574434_p3.jpg (usia: 481947d, ukuran: 311.59 KB)
[2026-05-12 05:24:43] Dihapus: doc_69fb5efd9d9ad1.31574434_p4.jpg (usia: 481947d, ukuran: 311.59 KB)
[2026-05-12 05:24:43] Dihapus: doc_69fb5efd9d9ad1.31574434_p5.jpg (usia: 481947d, ukuran: 311.59 KB)
[2026-05-12 05:24:43] Dihapus: doc_69fb5efd9d9ad1.31574434_p6.jpg (usia: 481946d, ukuran: 311.59 KB)
[2026-05-12 05:24:43] Dihapus: doc_69fb5efd9d9ad1.31574434_p7.jpg (usia: 481946d, ukuran: 311.59 KB)
[2026-05-12 05:24:43] Dihapus: doc_69fb5efd9d9ad1.31574434_p8.jpg (usia: 481946d, ukuran: 311.59 KB)
[2026-05-12 05:24:43] Dihapus: doc_69fb6101e42806.34681877_p1.jpg (usia: 481432d, ukuran: 288.83 KB)
[2026-05-12 05:24:43] Dihapus: doc_69fb6101e42806.34681877_p2.jpg (usia: 481432d, ukuran: 209.49 KB)
[2026-05-12 05:24:43] Dihapus: doc_69fb6101e42806.34681877_p3.jpg (usia: 481432d, ukuran: 232.89 KB)
[2026-05-12 05:24:43] Dihapus: doc_69fb6101e42806.34681877_p4.jpg (usia: 481432d, ukuran: 211.18 KB)
[2026-05-12 05:24:43] Dihapus: doc_69fb6101e42806.34681877_p5.jpg (usia: 481432d, ukuran: 254.19 KB)
[2026-05-12 05:24:43] Dihapus: doc_69fb6101e42806.34681877_p6.jpg (usia: 481432d, ukuran: 432.56 KB)
[2026-05-12 05:24:43] Dihapus: doc_69fb6101e42806.34681877_p7.jpg (usia: 481431d, ukuran: 440.81 KB)
[2026-05-12 05:24:43] Dihapus: doc_69fb6101e42806.34681877_p8.jpg (usia: 481431d, ukuran: 199.54 KB)
[2026-05-12 05:24:43] Dihapus: doc_69fb6385ad2215.61007588_p1.jpg (usia: 480788d, ukuran: 288.83 KB)
[2026-05-12 05:24:43] Dihapus: doc_69fb6385ad2215.61007588_p2.jpg (usia: 480788d, ukuran: 209.49 KB)
[2026-05-12 05:24:43] Dihapus: doc_69fb6385ad2215.61007588_p3.jpg (usia: 480788d, ukuran: 232.89 KB)
[2026-05-12 05:24:43] Dihapus: doc_69fb6385ad2215.61007588_p4.jpg (usia: 480788d, ukuran: 211.18 KB)
[2026-05-12 05:24:43] Dihapus: doc_69fb6385ad2215.61007588_p5.jpg (usia: 480788d, ukuran: 254.19 KB)
[2026-05-12 05:24:43] Dihapus: doc_69fb6385ad2215.61007588_p6.jpg (usia: 480788d, ukuran: 432.56 KB)
[2026-05-12 05:24:43] Dihapus: doc_69fb6385ad2215.61007588_p7.jpg (usia: 480788d, ukuran: 440.81 KB)
[2026-05-12 05:24:43] Dihapus: doc_69fb6385ad2215.61007588_p8.jpg (usia: 480788d, ukuran: 199.54 KB)
[2026-05-12 05:24:43] Dihapus: doc_69fb64139d0268.26690495_p1.jpg (usia: 480646d, ukuran: 288.83 KB)
[2026-05-12 05:24:43] Dihapus: doc_69fb64139d0268.26690495_p2.jpg (usia: 480646d, ukuran: 209.49 KB)
[2026-05-12 05:24:43] Dihapus: doc_69fb64139d0268.26690495_p3.jpg (usia: 480646d, ukuran: 232.89 KB)
[2026-05-12 05:24:43] Dihapus: doc_69fb64139d0268.26690495_p4.jpg (usia: 480646d, ukuran: 211.18 KB)
[2026-05-12 05:24:43] Dihapus: doc_69fb64139d0268.26690495_p5.jpg (usia: 480646d, ukuran: 254.19 KB)
[2026-05-12 05:24:43] Dihapus: doc_69fb64139d0268.26690495_p6.jpg (usia: 480646d, ukuran: 432.56 KB)
[2026-05-12 05:24:43] Dihapus: doc_69fb64139d0268.26690495_p7.jpg (usia: 480646d, ukuran: 440.81 KB)
[2026-05-12 05:24:43] Dihapus: doc_69fb64139d0268.26690495_p8.jpg (usia: 480646d, ukuran: 199.54 KB)
[2026-05-12 05:24:43] Dihapus: doc_69fb647a11a949.75609204_p1.jpg (usia: 480545d, ukuran: 355.84 KB)
[2026-05-12 05:24:43] Dihapus: doc_69fb647a11a949.75609204_p2.jpg (usia: 480545d, ukuran: 43.11 KB)
[2026-05-12 05:24:43] Dihapus: doc_69fb66b394d690.08599244_p1.jpg (usia: 479963d, ukuran: 661.37 KB)
[2026-05-12 05:24:43] Dihapus: doc_69fb66b394d690.08599244_p10.jpg (usia: 479956d, ukuran: 901.62 KB)
[2026-05-12 05:24:43] Dihapus: doc_69fb66b394d690.08599244_p11.jpg (usia: 479955d, ukuran: 1.3 MB)
[2026-05-12 05:24:43] Dihapus: doc_69fb66b394d690.08599244_p12.jpg (usia: 479955d, ukuran: 1.49 MB)
[2026-05-12 05:24:43] Dihapus: doc_69fb66b394d690.08599244_p13.jpg (usia: 479954d, ukuran: 1.29 MB)
[2026-05-12 05:24:43] Dihapus: doc_69fb66b394d690.08599244_p14.jpg (usia: 479953d, ukuran: 1.3 MB)
[2026-05-12 05:24:43] Dihapus: doc_69fb66b394d690.08599244_p15.jpg (usia: 479952d, ukuran: 1.06 MB)
[2026-05-12 05:24:43] Dihapus: doc_69fb66b394d690.08599244_p16.jpg (usia: 479952d, ukuran: 1.21 MB)
[2026-05-12 05:24:43] Dihapus: doc_69fb66b394d690.08599244_p17.jpg (usia: 479951d, ukuran: 1.16 MB)
[2026-05-12 05:24:43] Dihapus: doc_69fb66b394d690.08599244_p18.jpg (usia: 479950d, ukuran: 289.51 KB)
[2026-05-12 05:24:43] Dihapus: doc_69fb66b394d690.08599244_p2.jpg (usia: 479962d, ukuran: 1.08 MB)
[2026-05-12 05:24:43] Dihapus: doc_69fb66b394d690.08599244_p3.jpg (usia: 479961d, ukuran: 1.09 MB)
[2026-05-12 05:24:43] Dihapus: doc_69fb66b394d690.08599244_p4.jpg (usia: 479960d, ukuran: 1.61 MB)
[2026-05-12 05:24:43] Dihapus: doc_69fb66b394d690.08599244_p5.jpg (usia: 479960d, ukuran: 1.36 MB)
[2026-05-12 05:24:43] Dihapus: doc_69fb66b394d690.08599244_p6.jpg (usia: 479959d, ukuran: 1.26 MB)
[2026-05-12 05:24:43] Dihapus: doc_69fb66b394d690.08599244_p7.jpg (usia: 479958d, ukuran: 841.42 KB)
[2026-05-12 05:24:43] Dihapus: doc_69fb66b394d690.08599244_p8.jpg (usia: 479957d, ukuran: 1.38 MB)
[2026-05-12 05:24:43] Dihapus: doc_69fb66b394d690.08599244_p9.jpg (usia: 479957d, ukuran: 1.3 MB)
[2026-05-12 05:24:43] Dihapus: doc_69fb670fa5d4c5.50247369_p1.jpg (usia: 479880d, ukuran: 131.76 KB)
[2026-05-12 05:24:43] Dihapus: doc_69fb670fa5d4c5.50247369_p10.jpg (usia: 479879d, ukuran: 220.35 KB)
[2026-05-12 05:24:43] Dihapus: doc_69fb670fa5d4c5.50247369_p11.jpg (usia: 479879d, ukuran: 327.69 KB)
[2026-05-12 05:24:43] Dihapus: doc_69fb670fa5d4c5.50247369_p12.jpg (usia: 479879d, ukuran: 377.4 KB)
[2026-05-12 05:24:43] Dihapus: doc_69fb670fa5d4c5.50247369_p13.jpg (usia: 479879d, ukuran: 332.26 KB)
[2026-05-12 05:24:43] Dihapus: doc_69fb670fa5d4c5.50247369_p14.jpg (usia: 479879d, ukuran: 334.38 KB)
[2026-05-12 05:24:43] Dihapus: doc_69fb670fa5d4c5.50247369_p15.jpg (usia: 479878d, ukuran: 250.58 KB)
[2026-05-12 05:24:43] Dihapus: doc_69fb670fa5d4c5.50247369_p16.jpg (usia: 479878d, ukuran: 307.09 KB)
[2026-05-12 05:24:43] Dihapus: doc_69fb670fa5d4c5.50247369_p17.jpg (usia: 479878d, ukuran: 281.76 KB)
[2026-05-12 05:24:43] Dihapus: doc_69fb670fa5d4c5.50247369_p18.jpg (usia: 479878d, ukuran: 73.93 KB)
[2026-05-12 05:24:43] Dihapus: doc_69fb670fa5d4c5.50247369_p2.jpg (usia: 479880d, ukuran: 280.25 KB)
[2026-05-12 05:24:43] Dihapus: doc_69fb670fa5d4c5.50247369_p3.jpg (usia: 479880d, ukuran: 277.31 KB)
[2026-05-12 05:24:43] Dihapus: doc_69fb670fa5d4c5.50247369_p4.jpg (usia: 479880d, ukuran: 403.32 KB)
[2026-05-12 05:24:43] Dihapus: doc_69fb670fa5d4c5.50247369_p5.jpg (usia: 479880d, ukuran: 350.14 KB)
[2026-05-12 05:24:43] Dihapus: doc_69fb670fa5d4c5.50247369_p6.jpg (usia: 479880d, ukuran: 312.8 KB)
[2026-05-12 05:24:43] Dihapus: doc_69fb670fa5d4c5.50247369_p7.jpg (usia: 479880d, ukuran: 204.3 KB)
[2026-05-12 05:24:43] Dihapus: doc_69fb670fa5d4c5.50247369_p8.jpg (usia: 479879d, ukuran: 339.05 KB)
[2026-05-12 05:24:43] Dihapus: doc_69fb670fa5d4c5.50247369_p9.jpg (usia: 479879d, ukuran: 321.4 KB)
[2026-05-12 05:24:43] Dihapus: doc_69fb67fdc8f473.01308532_p1.jpg (usia: 479642d, ukuran: 131.76 KB)
[2026-05-12 05:24:43] Dihapus: doc_69fb67fdc8f473.01308532_p10.jpg (usia: 479641d, ukuran: 220.35 KB)
[2026-05-12 05:24:43] Dihapus: doc_69fb67fdc8f473.01308532_p11.jpg (usia: 479641d, ukuran: 327.69 KB)
[2026-05-12 05:24:43] Dihapus: doc_69fb67fdc8f473.01308532_p12.jpg (usia: 479641d, ukuran: 377.4 KB)
[2026-05-12 05:24:43] Dihapus: doc_69fb67fdc8f473.01308532_p13.jpg (usia: 479641d, ukuran: 332.26 KB)
[2026-05-12 05:24:43] Dihapus: doc_69fb67fdc8f473.01308532_p14.jpg (usia: 479641d, ukuran: 334.38 KB)
[2026-05-12 05:24:43] Dihapus: doc_69fb67fdc8f473.01308532_p15.jpg (usia: 479641d, ukuran: 250.58 KB)
[2026-05-12 05:24:43] Dihapus: doc_69fb67fdc8f473.01308532_p16.jpg (usia: 479641d, ukuran: 307.09 KB)
[2026-05-12 05:24:43] Dihapus: doc_69fb67fdc8f473.01308532_p17.jpg (usia: 479640d, ukuran: 281.76 KB)
[2026-05-12 05:24:43] Dihapus: doc_69fb67fdc8f473.01308532_p18.jpg (usia: 479640d, ukuran: 73.93 KB)
[2026-05-12 05:24:43] Dihapus: doc_69fb67fdc8f473.01308532_p2.jpg (usia: 479642d, ukuran: 280.25 KB)
[2026-05-12 05:24:43] Dihapus: doc_69fb67fdc8f473.01308532_p3.jpg (usia: 479642d, ukuran: 277.31 KB)
[2026-05-12 05:24:43] Dihapus: doc_69fb67fdc8f473.01308532_p4.jpg (usia: 479642d, ukuran: 403.32 KB)
[2026-05-12 05:24:43] Dihapus: doc_69fb67fdc8f473.01308532_p5.jpg (usia: 479642d, ukuran: 350.14 KB)
[2026-05-12 05:24:43] Dihapus: doc_69fb67fdc8f473.01308532_p6.jpg (usia: 479642d, ukuran: 312.8 KB)
[2026-05-12 05:24:43] Dihapus: doc_69fb67fdc8f473.01308532_p7.jpg (usia: 479642d, ukuran: 204.3 KB)
[2026-05-12 05:24:43] Dihapus: doc_69fb67fdc8f473.01308532_p8.jpg (usia: 479642d, ukuran: 339.05 KB)
[2026-05-12 05:24:43] Dihapus: doc_69fb67fdc8f473.01308532_p9.jpg (usia: 479642d, ukuran: 321.4 KB)
[2026-05-12 05:24:43] Dihapus: doc_69fb68ded0e639.94711964_p1.jpg (usia: 479419d, ukuran: 483.35 KB)
[2026-05-12 05:24:43] Dihapus: doc_69fb68ded0e639.94711964_p2.jpg (usia: 479419d, ukuran: 283.22 KB)
[2026-05-12 05:24:43] Dihapus: doc_69fb68ded0e639.94711964_p3.jpg (usia: 479419d, ukuran: 287.73 KB)
[2026-05-12 05:24:43] Dihapus: doc_69fb68ded0e639.94711964_p4.jpg (usia: 479419d, ukuran: 280.65 KB)
[2026-05-12 05:24:43] Dihapus: doc_69fb68ded0e639.94711964_p5.jpg (usia: 479419d, ukuran: 369.44 KB)
[2026-05-12 05:24:43] Dihapus: doc_69fb690e985bf9.89010009.pdf (usia: 479370d, ukuran: 97.79 KB)
[2026-05-12 05:24:43] Dihapus: doc_69fb690e985bf9.89010009_p1.jpg (usia: 479363d, ukuran: 1003.99 KB)
[2026-05-12 05:24:43] Dihapus: doc_69fb690e985bf9.89010009_p2.jpg (usia: 479363d, ukuran: 1.57 MB)
[2026-05-12 05:24:43] Dihapus: doc_69fb690e985bf9.89010009_p3.jpg (usia: 479362d, ukuran: 1.67 MB)
[2026-05-12 05:24:43] Dihapus: doc_69fb690e985bf9.89010009_p4.jpg (usia: 479362d, ukuran: 1.38 MB)
[2026-05-12 05:24:43] Dihapus: doc_69fb690e985bf9.89010009_p5.jpg (usia: 479361d, ukuran: 1.39 MB)
[2026-05-12 05:24:43] Dihapus: doc_69fb690e985bf9.89010009_p6.jpg (usia: 479360d, ukuran: 1.74 MB)
[2026-05-12 05:24:43] Dihapus: doc_69fb690e985bf9.89010009_p7.jpg (usia: 479360d, ukuran: 1.6 MB)
[2026-05-12 05:24:43] Dihapus: doc_69fb690e985bf9.89010009_p8.jpg (usia: 479359d, ukuran: 1.7 MB)
[2026-05-12 05:24:43] Dihapus: doc_69fb690e985bf9.89010009_p9.jpg (usia: 479359d, ukuran: 1.59 MB)
[2026-05-12 05:24:43] Dihapus: doc_69fbdc59afd1a5.49155971.pdf (usia: 449856d, ukuran: 6.51 KB)
[2026-05-12 05:24:43] Dihapus: doc_69fbdc59afd1a5.49155971_p1.jpg (usia: 449856d, ukuran: 38.04 KB)
[2026-05-12 05:24:43] Dihapus: doc_69fbefee5aead6.60621461.pdf (usia: 444844d, ukuran: 97.79 KB)
[2026-05-12 05:24:43] Dihapus: doc_69fbefee5aead6.60621461_p1.jpg (usia: 444840d, ukuran: 557.38 KB)
[2026-05-12 05:24:43] Dihapus: doc_69fbefee5aead6.60621461_p2.jpg (usia: 444840d, ukuran: 898.44 KB)
[2026-05-12 05:24:43] Dihapus: doc_69fbefee5aead6.60621461_p3.jpg (usia: 444840d, ukuran: 962.87 KB)
[2026-05-12 05:24:43] Dihapus: doc_69fbefee5aead6.60621461_p4.jpg (usia: 444839d, ukuran: 807.19 KB)
[2026-05-12 05:24:43] Dihapus: doc_69fbefee5aead6.60621461_p5.jpg (usia: 444839d, ukuran: 816.67 KB)
[2026-05-12 05:24:43] Dihapus: doc_69fbefee5aead6.60621461_p6.jpg (usia: 444839d, ukuran: 1012.21 KB)
[2026-05-12 05:24:43] Dihapus: doc_69fbefee5aead6.60621461_p7.jpg (usia: 444838d, ukuran: 921.61 KB)
[2026-05-12 05:24:43] Dihapus: doc_69fbefee5aead6.60621461_p8.jpg (usia: 444838d, ukuran: 1003.42 KB)
[2026-05-12 05:24:43] Dihapus: doc_69fbefee5aead6.60621461_p9.jpg (usia: 444838d, ukuran: 893.74 KB)
[2026-05-12 05:24:43] Dihapus: doc_69fbf0a1e4e911.26828158.pdf (usia: 444664d, ukuran: 36.07 KB)
[2026-05-12 05:24:43] Dihapus: doc_69fbf0a1e4e911.26828158_p1.jpg (usia: 444664d, ukuran: 229.4 KB)
[2026-05-12 05:24:43] Dihapus: doc_69fbf5ec9b9853.32167503.pdf (usia: 443310d, ukuran: 137.3 KB)
[2026-05-12 05:24:43] Dihapus: doc_69fbf5ec9b9853.32167503_p1.jpg (usia: 443309d, ukuran: 183.89 KB)
[2026-05-12 05:24:43] Dihapus: doc_69fbf7b522e4e5.78912096.pdf (usia: 442853d, ukuran: 97.79 KB)
[2026-05-12 05:24:43] Dihapus: doc_69fbf7b522e4e5.78912096_p1.jpg (usia: 442849d, ukuran: 557.38 KB)
[2026-05-12 05:24:43] Dihapus: doc_69fbf7b522e4e5.78912096_p2.jpg (usia: 442849d, ukuran: 898.44 KB)
[2026-05-12 05:24:43] Dihapus: doc_69fbf7b522e4e5.78912096_p3.jpg (usia: 442849d, ukuran: 962.87 KB)
[2026-05-12 05:24:43] Dihapus: doc_69fbf7b522e4e5.78912096_p4.jpg (usia: 442849d, ukuran: 807.19 KB)
[2026-05-12 05:24:43] Dihapus: doc_69fbf7b522e4e5.78912096_p5.jpg (usia: 442848d, ukuran: 816.67 KB)
[2026-05-12 05:24:43] Dihapus: doc_69fbf7b522e4e5.78912096_p6.jpg (usia: 442848d, ukuran: 1012.21 KB)
[2026-05-12 05:24:43] Dihapus: doc_69fbf7b522e4e5.78912096_p7.jpg (usia: 442848d, ukuran: 921.61 KB)
[2026-05-12 05:24:43] Dihapus: doc_69fbf7b522e4e5.78912096_p8.jpg (usia: 442848d, ukuran: 1003.42 KB)
[2026-05-12 05:24:43] Dihapus: doc_69fbf7b522e4e5.78912096_p9.jpg (usia: 442847d, ukuran: 893.74 KB)
[2026-05-12 05:24:43] Dihapus: doc_69fbf8e6654933.01060527.pdf (usia: 442548d, ukuran: 137.28 KB)
[2026-05-12 05:24:43] Dihapus: doc_69fbf8e6654933.01060527_p1.jpg (usia: 442547d, ukuran: 177.29 KB)
[2026-05-12 05:24:43] Dihapus: doc_69fbfe0751ea47.51160298_p1.jpg (usia: 441233d, ukuran: 131.76 KB)
[2026-05-12 05:24:43] Dihapus: doc_69fbfe0751ea47.51160298_p10.jpg (usia: 441232d, ukuran: 220.35 KB)
[2026-05-12 05:24:43] Dihapus: doc_69fbfe0751ea47.51160298_p11.jpg (usia: 441232d, ukuran: 327.69 KB)
[2026-05-12 05:24:43] Dihapus: doc_69fbfe0751ea47.51160298_p12.jpg (usia: 441232d, ukuran: 377.4 KB)
[2026-05-12 05:24:43] Dihapus: doc_69fbfe0751ea47.51160298_p13.jpg (usia: 441232d, ukuran: 332.26 KB)
[2026-05-12 05:24:43] Dihapus: doc_69fbfe0751ea47.51160298_p14.jpg (usia: 441231d, ukuran: 334.38 KB)
[2026-05-12 05:24:43] Dihapus: doc_69fbfe0751ea47.51160298_p15.jpg (usia: 441231d, ukuran: 250.58 KB)
[2026-05-12 05:24:43] Dihapus: doc_69fbfe0751ea47.51160298_p16.jpg (usia: 441231d, ukuran: 307.09 KB)
[2026-05-12 05:24:43] Dihapus: doc_69fbfe0751ea47.51160298_p17.jpg (usia: 441231d, ukuran: 281.76 KB)
[2026-05-12 05:24:43] Dihapus: doc_69fbfe0751ea47.51160298_p18.jpg (usia: 441231d, ukuran: 73.93 KB)
[2026-05-12 05:24:43] Dihapus: doc_69fbfe0751ea47.51160298_p2.jpg (usia: 441233d, ukuran: 280.25 KB)
[2026-05-12 05:24:43] Dihapus: doc_69fbfe0751ea47.51160298_p3.jpg (usia: 441233d, ukuran: 277.31 KB)
[2026-05-12 05:24:43] Dihapus: doc_69fbfe0751ea47.51160298_p4.jpg (usia: 441233d, ukuran: 403.32 KB)
[2026-05-12 05:24:43] Dihapus: doc_69fbfe0751ea47.51160298_p5.jpg (usia: 441233d, ukuran: 350.14 KB)
[2026-05-12 05:24:43] Dihapus: doc_69fbfe0751ea47.51160298_p6.jpg (usia: 441232d, ukuran: 312.8 KB)
[2026-05-12 05:24:43] Dihapus: doc_69fbfe0751ea47.51160298_p7.jpg (usia: 441232d, ukuran: 204.3 KB)
[2026-05-12 05:24:43] Dihapus: doc_69fbfe0751ea47.51160298_p8.jpg (usia: 441232d, ukuran: 339.05 KB)
[2026-05-12 05:24:43] Dihapus: doc_69fbfe0751ea47.51160298_p9.jpg (usia: 441232d, ukuran: 321.4 KB)
[2026-05-12 05:24:43] Dihapus: doc_69fbfe2ccdfd21.92879872_p1.jpg (usia: 441185d, ukuran: 390.75 KB)
[2026-05-12 05:24:43] Dihapus: doc_69fbfe2ccdfd21.92879872_p10.jpg (usia: 441179d, ukuran: 628.13 KB)
[2026-05-12 05:24:43] Dihapus: doc_69fbfe2ccdfd21.92879872_p11.jpg (usia: 441178d, ukuran: 913.47 KB)
[2026-05-12 05:24:43] Dihapus: doc_69fbfe2ccdfd21.92879872_p12.jpg (usia: 441177d, ukuran: 1.02 MB)
[2026-05-12 05:24:43] Dihapus: doc_69fbfe2ccdfd21.92879872_p13.jpg (usia: 441176d, ukuran: 913.24 KB)
[2026-05-12 05:24:43] Dihapus: doc_69fbfe2ccdfd21.92879872_p14.jpg (usia: 441176d, ukuran: 918.87 KB)
[2026-05-12 05:24:43] Dihapus: doc_69fbfe2ccdfd21.92879872_p15.jpg (usia: 441175d, ukuran: 696.85 KB)
[2026-05-12 05:24:43] Dihapus: doc_69fbfe2ccdfd21.92879872_p16.jpg (usia: 441174d, ukuran: 848.82 KB)
[2026-05-12 05:24:43] Dihapus: doc_69fbfe2ccdfd21.92879872_p17.jpg (usia: 441174d, ukuran: 794.73 KB)
[2026-05-12 05:24:43] Dihapus: doc_69fbfe2ccdfd21.92879872_p18.jpg (usia: 441173d, ukuran: 224.65 KB)
[2026-05-12 05:24:43] Dihapus: doc_69fbfe2ccdfd21.92879872_p2.jpg (usia: 441184d, ukuran: 765.46 KB)
[2026-05-12 05:24:43] Dihapus: doc_69fbfe2ccdfd21.92879872_p3.jpg (usia: 441183d, ukuran: 769.49 KB)
[2026-05-12 05:24:43] Dihapus: doc_69fbfe2ccdfd21.92879872_p4.jpg (usia: 441183d, ukuran: 1.09 MB)
[2026-05-12 05:24:43] Dihapus: doc_69fbfe2ccdfd21.92879872_p5.jpg (usia: 441182d, ukuran: 954.08 KB)
[2026-05-12 05:24:43] Dihapus: doc_69fbfe2ccdfd21.92879872_p6.jpg (usia: 441181d, ukuran: 883.44 KB)
[2026-05-12 05:24:43] Dihapus: doc_69fbfe2ccdfd21.92879872_p7.jpg (usia: 441181d, ukuran: 587.99 KB)
[2026-05-12 05:24:43] Dihapus: doc_69fbfe2ccdfd21.92879872_p8.jpg (usia: 441180d, ukuran: 957.35 KB)
[2026-05-12 05:24:43] Dihapus: doc_69fbfe2ccdfd21.92879872_p9.jpg (usia: 441179d, ukuran: 905.99 KB)
[2026-05-12 05:24:43] Dihapus: doc_69fbfe6a40e5d2.94305879_p1.jpg (usia: 441123d, ukuran: 661.37 KB)
[2026-05-12 05:24:43] Dihapus: doc_69fbfe6a40e5d2.94305879_p10.jpg (usia: 441117d, ukuran: 901.62 KB)
[2026-05-12 05:24:43] Dihapus: doc_69fbfe6a40e5d2.94305879_p11.jpg (usia: 441116d, ukuran: 1.3 MB)
[2026-05-12 05:24:43] Dihapus: doc_69fbfe6a40e5d2.94305879_p12.jpg (usia: 441116d, ukuran: 1.49 MB)
[2026-05-12 05:24:43] Dihapus: doc_69fbfe6a40e5d2.94305879_p13.jpg (usia: 441115d, ukuran: 1.29 MB)
[2026-05-12 05:24:43] Dihapus: doc_69fbfe6a40e5d2.94305879_p14.jpg (usia: 441114d, ukuran: 1.3 MB)
[2026-05-12 05:24:43] Dihapus: doc_69fbfe6a40e5d2.94305879_p15.jpg (usia: 441114d, ukuran: 1.06 MB)
[2026-05-12 05:24:43] Dihapus: doc_69fbfe6a40e5d2.94305879_p16.jpg (usia: 441113d, ukuran: 1.21 MB)
[2026-05-12 05:24:43] Dihapus: doc_69fbfe6a40e5d2.94305879_p17.jpg (usia: 441112d, ukuran: 1.16 MB)
[2026-05-12 05:24:43] Dihapus: doc_69fbfe6a40e5d2.94305879_p18.jpg (usia: 441112d, ukuran: 289.51 KB)
[2026-05-12 05:24:43] Dihapus: doc_69fbfe6a40e5d2.94305879_p2.jpg (usia: 441123d, ukuran: 1.08 MB)
[2026-05-12 05:24:43] Dihapus: doc_69fbfe6a40e5d2.94305879_p3.jpg (usia: 441122d, ukuran: 1.09 MB)
[2026-05-12 05:24:43] Dihapus: doc_69fbfe6a40e5d2.94305879_p4.jpg (usia: 441121d, ukuran: 1.61 MB)
[2026-05-12 05:24:43] Dihapus: doc_69fbfe6a40e5d2.94305879_p5.jpg (usia: 441121d, ukuran: 1.36 MB)
[2026-05-12 05:24:43] Dihapus: doc_69fbfe6a40e5d2.94305879_p6.jpg (usia: 441120d, ukuran: 1.26 MB)
[2026-05-12 05:24:43] Dihapus: doc_69fbfe6a40e5d2.94305879_p7.jpg (usia: 441119d, ukuran: 841.42 KB)
[2026-05-12 05:24:43] Dihapus: doc_69fbfe6a40e5d2.94305879_p8.jpg (usia: 441118d, ukuran: 1.38 MB)
[2026-05-12 05:24:43] Dihapus: doc_69fbfe6a40e5d2.94305879_p9.jpg (usia: 441118d, ukuran: 1.3 MB)
[2026-05-12 05:24:43] Dihapus: doc_69fc01ce8cd545.76793082_p1.jpg (usia: 440269d, ukuran: 695.2 KB)
[2026-05-12 05:24:43] Dihapus: doc_69fc02177cf988.80007542_p1.jpg (usia: 440195d, ukuran: 1.12 MB)
[2026-05-12 05:24:43] Dihapus: doc_69fc02177cf988.80007542_p2.jpg (usia: 440194d, ukuran: 357.67 KB)
[2026-05-12 05:24:43] Dihapus: doc_69fc09c31b4080.82080957.pdf (usia: 438231d, ukuran: 137.28 KB)
[2026-05-12 05:24:43] Dihapus: doc_69fc09c31b4080.82080957_p1.jpg (usia: 438231d, ukuran: 177.29 KB)
[2026-05-12 05:24:43] Dihapus: doc_69fc09e128c514.92549241_p1.jpg (usia: 438202d, ukuran: 186.82 KB)
[2026-05-12 05:24:43] Dihapus: doc_69fc1033a04df1.84610551.pdf (usia: 436583d, ukuran: 215.43 KB)
[2026-05-12 05:24:43] Dihapus: doc_69fc1033a04df1.84610551_p1.jpg (usia: 436582d, ukuran: 253.97 KB)
[2026-05-12 05:24:43] Dihapus: doc_69fc11392980b7.28302917.pdf (usia: 436321d, ukuran: 27.58 KB)
[2026-05-12 05:24:43] Dihapus: doc_69fc11392980b7.28302917_p1.jpg (usia: 436319d, ukuran: 765.08 KB)
[2026-05-12 05:24:43] Dihapus: doc_69fc11392980b7.28302917_p2.jpg (usia: 436318d, ukuran: 599.45 KB)
[2026-05-12 05:24:43] Dihapus: doc_69fc11392980b7.28302917_p3.jpg (usia: 436318d, ukuran: 757.95 KB)
[2026-05-12 05:24:43] Dihapus: doc_69fc11392980b7.28302917_p4.jpg (usia: 436317d, ukuran: 314.13 KB)
[2026-05-12 05:24:43] Dihapus: doc_69fc1364bee181.09771318.pdf (usia: 435765d, ukuran: 213.97 KB)
[2026-05-12 05:24:43] Dihapus: doc_69fc1364bee181.09771318_p1.jpg (usia: 435765d, ukuran: 207.92 KB)
[2026-05-12 05:24:43] Dihapus: doc_69fc15437433e7.86613310.pdf (usia: 435287d, ukuran: 215.54 KB)
[2026-05-12 05:24:43] Dihapus: doc_69fc15437433e7.86613310_p1.jpg (usia: 435286d, ukuran: 250.3 KB)
[2026-05-12 05:24:43] Dihapus: doc_69fc15b1d92713.45322680.pdf (usia: 435176d, ukuran: 215.13 KB)
[2026-05-12 05:24:43] Dihapus: doc_69fc15b1d92713.45322680_p1.jpg (usia: 435176d, ukuran: 223.71 KB)
[2026-05-12 05:24:43] Dihapus: doc_69fc173a86ca14.01991932.pdf (usia: 434784d, ukuran: 214.24 KB)
[2026-05-12 05:24:43] Dihapus: doc_69fc173a86ca14.01991932_p1.jpg (usia: 434783d, ukuran: 203.48 KB)
[2026-05-12 05:24:43] Dihapus: doc_69fc19be984fa6.97517583.pdf (usia: 434139d, ukuran: 213.84 KB)
[2026-05-12 05:24:43] Dihapus: doc_69fc19be984fa6.97517583_p1.jpg (usia: 434139d, ukuran: 263.24 KB)
[2026-05-12 05:24:43] Dihapus: doc_69fc1b512f9650.19537681.pdf (usia: 433737d, ukuran: 214.87 KB)
[2026-05-12 05:24:43] Dihapus: doc_69fc1b512f9650.19537681_p1.jpg (usia: 433736d, ukuran: 226.26 KB)
[2026-05-12 05:24:43] Dihapus: doc_69fc1c11561c25.79594661.pdf (usia: 433545d, ukuran: 234.59 KB)
[2026-05-12 05:24:43] Dihapus: doc_69fc1c11561c25.79594661_p1.jpg (usia: 433544d, ukuran: 303.83 KB)
[2026-05-12 05:24:43] Dihapus: doc_69fc1e0e8bc807.55848839.pdf (usia: 433036d, ukuran: 36.88 KB)
[2026-05-12 05:24:43] Dihapus: doc_69fc1e0e8bc807.55848839_p1.jpg (usia: 433035d, ukuran: 253.3 KB)
[2026-05-12 05:24:43] Dihapus: doc_69fc223be5ac02.39478162.pdf (usia: 431966d, ukuran: 36.88 KB)
[2026-05-12 05:24:43] Dihapus: doc_69fc223be5ac02.39478162_p1.jpg (usia: 431966d, ukuran: 253.3 KB)
[2026-05-12 05:24:43] Dihapus: doc_69fc2257be56a8.36866613.pdf (usia: 431938d, ukuran: 230.99 KB)
[2026-05-12 05:24:43] Dihapus: doc_69fc2257be56a8.36866613_p1.jpg (usia: 431938d, ukuran: 245.09 KB)
[2026-05-12 05:24:43] Dihapus: doc_69fc22e87f8ad8.96210135.pdf (usia: 431794d, ukuran: 235.16 KB)
[2026-05-12 05:24:43] Dihapus: doc_69fc22e87f8ad8.96210135_p1.jpg (usia: 431793d, ukuran: 307.13 KB)
[2026-05-12 05:24:43] Dihapus: doc_69fc2369f1b086.52045678.pdf (usia: 431664d, ukuran: 234.68 KB)
[2026-05-12 05:24:43] Dihapus: doc_69fc2369f1b086.52045678_p1.jpg (usia: 431664d, ukuran: 309.88 KB)
[2026-05-12 05:24:43] Dihapus: doc_69fc23ff402bc8.43148630.pdf (usia: 431515d, ukuran: 39.22 KB)
[2026-05-12 05:24:43] Dihapus: doc_69fc23ff402bc8.43148630_p1.jpg (usia: 431515d, ukuran: 247.83 KB)
[2026-05-12 05:24:43] Dihapus: doc_69fc246d0d5b04.90923712.pdf (usia: 431405d, ukuran: 40.61 KB)
[2026-05-12 05:24:43] Dihapus: doc_69fc246d0d5b04.90923712_p1.jpg (usia: 431405d, ukuran: 230.64 KB)
[2026-05-12 05:24:43] Dihapus: doc_69fc254b18f505.01450806.pdf (usia: 431183d, ukuran: 275 KB)
[2026-05-12 05:24:43] Dihapus: doc_69fc254b18f505.01450806_p1.jpg (usia: 431183d, ukuran: 334.35 KB)
[2026-05-12 05:24:43] Dihapus: doc_69fc25e4115bb7.41455268.pdf (usia: 431030d, ukuran: 273.42 KB)
[2026-05-12 05:24:43] Dihapus: doc_69fc25e4115bb7.41455268_p1.jpg (usia: 431030d, ukuran: 316.89 KB)
[2026-05-12 05:24:43] Dihapus: doc_69fc2673efbfc5.61666243.pdf (usia: 430886d, ukuran: 273.42 KB)
[2026-05-12 05:24:43] Dihapus: doc_69fc2673efbfc5.61666243_p1.jpg (usia: 430886d, ukuran: 316.89 KB)
[2026-05-12 05:24:43] Dihapus: doc_69fc269596dd44.03210631.pdf (usia: 430852d, ukuran: 257.87 KB)
[2026-05-12 05:24:43] Dihapus: doc_69fc269596dd44.03210631_p1.jpg (usia: 430852d, ukuran: 350.43 KB)
[2026-05-12 05:24:43] Dihapus: doc_69fc26eec0e8f6.24072190.pdf (usia: 430763d, ukuran: 35.72 KB)
[2026-05-12 05:24:43] Dihapus: doc_69fc26eec0e8f6.24072190_p1.jpg (usia: 430763d, ukuran: 159.72 KB)
[2026-05-12 05:24:43] Dihapus: doc_69fc27cbac8de5.41159330.pdf (usia: 430543d, ukuran: 35.26 KB)
[2026-05-12 05:24:43] Dihapus: doc_69fc27cbac8de5.41159330_p1.jpg (usia: 430542d, ukuran: 236.62 KB)
[2026-05-12 05:24:43] Dihapus: doc_69fc2837889677.74792255.pdf (usia: 430435d, ukuran: 217.61 KB)
[2026-05-12 05:24:43] Dihapus: doc_69fc2837889677.74792255_p1.jpg (usia: 430434d, ukuran: 260.47 KB)
[2026-05-12 05:24:43] Dihapus: doc_69fc2889f3e573.07937880.pdf (usia: 430352d, ukuran: 273.23 KB)
[2026-05-12 05:24:43] Dihapus: doc_69fc2889f3e573.07937880_p1.jpg (usia: 430352d, ukuran: 318.8 KB)
[2026-05-12 05:24:43] Dihapus: doc_69fc29cd76cf27.64833674.pdf (usia: 430029d, ukuran: 258.92 KB)
[2026-05-12 05:24:43] Dihapus: doc_69fc29cd76cf27.64833674_p1.jpg (usia: 430028d, ukuran: 390.49 KB)
[2026-05-12 05:24:43] Dihapus: doc_69fc2a08754020.06266228.pdf (usia: 429970d, ukuran: 258.92 KB)
[2026-05-12 05:24:43] Dihapus: doc_69fc2a08754020.06266228_p1.jpg (usia: 429969d, ukuran: 390.49 KB)
[2026-05-12 05:24:43] Dihapus: doc_69fc2a96cfdbe6.30761581.pdf (usia: 429827d, ukuran: 35.85 KB)
[2026-05-12 05:24:43] Dihapus: doc_69fc2a96cfdbe6.30761581_p1.jpg (usia: 429827d, ukuran: 178.6 KB)
[2026-05-12 05:24:43] Dihapus: doc_69fc2afd98c8e9.34572001.pdf (usia: 429725d, ukuran: 217.29 KB)
[2026-05-12 05:24:43] Dihapus: doc_69fc2afd98c8e9.34572001_p1.jpg (usia: 429724d, ukuran: 256.47 KB)
[2026-05-12 05:24:43] Dihapus: doc_69fc2bbd776d55.38991168.pdf (usia: 429533d, ukuran: 269.47 KB)
[2026-05-12 05:24:43] Dihapus: doc_69fc2bbd776d55.38991168_p1.jpg (usia: 429532d, ukuran: 255.28 KB)
[2026-05-12 05:24:43] Dihapus: doc_69fc2c13bd13c9.71723093.pdf (usia: 429446d, ukuran: 269.47 KB)
[2026-05-12 05:24:43] Dihapus: doc_69fc2c13bd13c9.71723093_p1.jpg (usia: 429446d, ukuran: 255.28 KB)
[2026-05-12 05:24:43] Dihapus: doc_69fd412380d154.47190205.pdf (usia: 358518d, ukuran: 30.88 KB)
[2026-05-12 05:24:43] Dihapus: doc_69fd412380d154.47190205_p1.jpg (usia: 358518d, ukuran: 109.28 KB)
[2026-05-12 05:24:43] Dihapus: doc_69fd43f53ccae6.24892477.pdf (usia: 357797d, ukuran: 220.09 KB)
[2026-05-12 05:24:43] Dihapus: doc_69fd43f53ccae6.24892477_p1.jpg (usia: 357796d, ukuran: 210.46 KB)
[2026-05-12 05:24:43] Dihapus: doc_69fd48f74d5741.06411333.pdf (usia: 356515d, ukuran: 227.89 KB)
[2026-05-12 05:24:43] Dihapus: doc_69fd48f74d5741.06411333_p1.jpg (usia: 356514d, ukuran: 207.48 KB)
[2026-05-12 05:24:43] Dihapus: doc_69fd4b50bc1624.32011414.pdf (usia: 355913d, ukuran: 226.24 KB)
[2026-05-12 05:24:43] Dihapus: doc_69fd4b50bc1624.32011414_p1.jpg (usia: 355913d, ukuran: 192.84 KB)
[2026-05-12 05:24:43] Dihapus: doc_69fd53807df743.27475695.pdf (usia: 353818d, ukuran: 226.24 KB)
[2026-05-12 05:24:43] Dihapus: doc_69fd53807df743.27475695_p1.jpg (usia: 353817d, ukuran: 192.84 KB)
[2026-05-12 05:24:43] Dihapus: doc_69fd58357d0619.79690680.pdf (usia: 352613d, ukuran: 35.68 KB)
[2026-05-12 05:24:43] Dihapus: doc_69fd58357d0619.79690680_p1.jpg (usia: 352613d, ukuran: 160.31 KB)
[2026-05-12 05:24:43] Dihapus: doc_69fd59b9f057e4.45433668.pdf (usia: 352224d, ukuran: 269.77 KB)
[2026-05-12 05:24:43] Dihapus: doc_69fd59b9f057e4.45433668_p1.jpg (usia: 352224d, ukuran: 265.37 KB)
[2026-05-12 05:24:43] Dihapus: doc_69fd67be803cd0.67550607.pdf (usia: 348636d, ukuran: 272.61 KB)
[2026-05-12 05:24:43] Dihapus: doc_69fd67be803cd0.67550607_p1.jpg (usia: 348635d, ukuran: 318.98 KB)
[2026-05-12 05:24:43] Dihapus: doc_69fd68fd95ed42.48111437.pdf (usia: 348317d, ukuran: 226.14 KB)
[2026-05-12 05:24:43] Dihapus: doc_69fd68fd95ed42.48111437_p1.jpg (usia: 348316d, ukuran: 196.46 KB)
[2026-05-12 05:24:43] Dihapus: doc_69fd694a3795e8.99349980.pdf (usia: 348240d, ukuran: 273.28 KB)
[2026-05-12 05:24:43] Dihapus: doc_69fd694a3795e8.99349980_p1.jpg (usia: 348239d, ukuran: 328.75 KB)
[2026-05-12 05:24:43] Dihapus: doc_69fd71c2b1cab1.57193809.pdf (usia: 346072d, ukuran: 37.41 KB)
[2026-05-12 05:24:43] Dihapus: doc_69fd71c2b1cab1.57193809_p1.jpg (usia: 346071d, ukuran: 264.66 KB)
[2026-05-12 05:24:43] Dihapus: doc_69fe7e48dadf98.18508414.pdf (usia: 277328d, ukuran: 212.87 KB)
[2026-05-12 05:24:43] Dihapus: doc_69fe7e48dadf98.18508414_p1.jpg (usia: 277327d, ukuran: 215.7 KB)
[2026-05-12 05:24:43] Dihapus: doc_69fe80b7940239.51242661.pdf (usia: 276707d, ukuran: 215.14 KB)
[2026-05-12 05:24:43] Dihapus: doc_69fe80b7940239.51242661_p1.jpg (usia: 276706d, ukuran: 228.29 KB)
[2026-05-12 05:24:43] Dihapus: doc_69fe82566af168.94257891.pdf (usia: 276292d, ukuran: 38.27 KB)
[2026-05-12 05:24:43] Dihapus: doc_69fe82566af168.94257891_p1.jpg (usia: 276291d, ukuran: 173.78 KB)
[2026-05-12 05:24:43] Dihapus: doc_69fe862a707f42.59621606.pdf (usia: 275312d, ukuran: 214.58 KB)
[2026-05-12 05:24:43] Dihapus: doc_69fe862a707f42.59621606_p1.jpg (usia: 275311d, ukuran: 213.37 KB)
[2026-05-12 05:24:43] Dihapus: doc_69fe9149728843.16013618.pdf (usia: 272465d, ukuran: 228.55 KB)
[2026-05-12 05:24:43] Dihapus: doc_69fe9149728843.16013618_p1.jpg (usia: 272464d, ukuran: 214.64 KB)
[2026-05-12 05:24:43] Dihapus: doc_69fe9181d868f1.32638550.pdf (usia: 272408d, ukuran: 234.33 KB)
[2026-05-12 05:24:43] Dihapus: doc_69fe9181d868f1.32638550_p1.jpg (usia: 272408d, ukuran: 299.49 KB)
[2026-05-12 05:24:43] Dihapus: doc_69fe9335d0d291.18018434.pdf (usia: 271972d, ukuran: 230.85 KB)
[2026-05-12 05:24:43] Dihapus: doc_69fe9335d0d291.18018434_p1.jpg (usia: 271971d, ukuran: 226.9 KB)
[2026-05-12 05:24:43] Dihapus: doc_69fe94831073a7.37201371.pdf (usia: 271639d, ukuran: 228.6 KB)
[2026-05-12 05:24:43] Dihapus: doc_69fe94831073a7.37201371_p1.jpg (usia: 271639d, ukuran: 220.89 KB)
[2026-05-12 05:24:43] Dihapus: doc_69fe96a71c9d86.02568719.pdf (usia: 271091d, ukuran: 227.21 KB)
[2026-05-12 05:24:43] Dihapus: doc_69fe96a71c9d86.02568719_p1.jpg (usia: 271090d, ukuran: 201.86 KB)
[2026-05-12 05:24:43] Dihapus: doc_69fe9b777778d3.51487558.pdf (usia: 269859d, ukuran: 227.36 KB)
[2026-05-12 05:24:43] Dihapus: doc_69fe9b777778d3.51487558_p1.jpg (usia: 269858d, ukuran: 186.61 KB)
[2026-05-12 05:24:43] Dihapus: doc_69feb6dd5a4674.18207724.pdf (usia: 262845d, ukuran: 229.16 KB)
[2026-05-12 05:24:43] Dihapus: doc_69feb6dd5a4674.18207724_p1.jpg (usia: 262844d, ukuran: 225.19 KB)
[2026-05-12 05:24:43] Dihapus: doc_69feb75f6b94e3.01571020.pdf (usia: 262715d, ukuran: 231.05 KB)
[2026-05-12 05:24:43] Dihapus: doc_69feb75f6b94e3.01571020_p1.jpg (usia: 262714d, ukuran: 219.56 KB)
[2026-05-12 05:24:43] Dihapus: doc_69feb778b7b9a9.99261664.pdf (usia: 262689d, ukuran: 231.05 KB)
[2026-05-12 05:24:43] Dihapus: doc_69feb778b7b9a9.99261664_p1.jpg (usia: 262689d, ukuran: 219.56 KB)
[2026-05-12 05:24:43] Dihapus: doc_69feb8237db231.16832615.pdf (usia: 262519d, ukuran: 226.74 KB)
[2026-05-12 05:24:43] Dihapus: doc_69feb8237db231.16832615_p1.jpg (usia: 262518d, ukuran: 196.86 KB)
[2026-05-12 05:24:43] Dihapus: doc_69feb8a1c93081.60561225.pdf (usia: 262392d, ukuran: 215.75 KB)
[2026-05-12 05:24:43] Dihapus: doc_69feb8a1c93081.60561225_p1.jpg (usia: 262392d, ukuran: 255.97 KB)
[2026-05-12 05:24:43] Dihapus: doc_69feb8bac529a9.29281866.pdf (usia: 262367d, ukuran: 215.75 KB)
[2026-05-12 05:24:43] Dihapus: doc_69feb8bac529a9.29281866_p1.jpg (usia: 262366d, ukuran: 255.97 KB)
[2026-05-12 05:24:43] Dihapus: doc_69feb92d867b62.17149295.pdf (usia: 262253d, ukuran: 216.3 KB)
[2026-05-12 05:24:43] Dihapus: doc_69feb92d867b62.17149295_p1.jpg (usia: 262252d, ukuran: 253.3 KB)
[2026-05-12 05:24:43] Dihapus: doc_69feba7ab3da81.59225854.pdf (usia: 261920d, ukuran: 32.21 KB)
[2026-05-12 05:24:43] Dihapus: doc_69feba7ab3da81.59225854_p1.jpg (usia: 261919d, ukuran: 118.43 KB)
[2026-05-12 05:24:43] Dihapus: doc_69febad9783895.06124765.pdf (usia: 261825d, ukuran: 269.2 KB)
[2026-05-12 05:24:43] Dihapus: doc_69febad9783895.06124765_p1.jpg (usia: 261824d, ukuran: 256.49 KB)
[2026-05-12 05:24:43] Dihapus: doc_69febc1c6da3f5.82678559_p1.jpg (usia: 261503d, ukuran: 186.97 KB)
[2026-05-12 05:24:43] Dihapus: doc_69febc60443f00.70376332_p1.jpg (usia: 261435d, ukuran: 186.71 KB)
[2026-05-12 05:24:43] Dihapus: doc_69feca303e4857.78456151_p1.jpg (usia: 257899d, ukuran: 186.71 KB)
[2026-05-12 05:24:43] Dihapus: doc_6a0299592c45e0.24087511.pdf (usia: 8256d, ukuran: 44.48 KB)
[2026-05-12 05:24:43] Dihapus: doc_6a0299829beb80.93758780.pdf (usia: 8216d, ukuran: 44.48 KB)
[2026-05-12 05:24:43] Dihapus: doc_6a029b9e800da6.29899508.pdf (usia: 7676d, ukuran: 235.14 KB)
[2026-05-12 05:24:43] Dihapus: doc_6a029c8c449300.47765392.pdf (usia: 7438d, ukuran: 42.65 KB)
[2026-05-12 05:24:43] Dihapus: doc_6a029d0d299fc7.88761298.pdf (usia: 7310d, ukuran: 42.65 KB)
[2026-05-12 05:24:43] Dihapus: doc_6a029d4bcbae51.86375062.pdf (usia: 6377d, ukuran: 42.65 KB)
[2026-05-12 05:24:43] Dihapus: doc_6a02a216e2a852.95607901.pdf (usia: 6019d, ukuran: 42.65 KB)
[2026-05-12 05:24:43] Dihapus: doc_6a02a394514053.75633959.pdf (usia: 5637d, ukuran: 216.19 KB)
[2026-05-12 05:24:43] Dihapus: doc_6a02a55231ab78.80898141.pdf (usia: 5192d, ukuran: 42.65 KB)
[2026-05-12 05:24:43] Dihapus: doc_6a02a64bd787f2.58774690_page1.jpg (usia: 4944d, ukuran: 342.77 KB)
[2026-05-12 05:24:43] Dihapus: doc_6a02a64bd787f2.58774690_page2.jpg (usia: 4944d, ukuran: 89.1 KB)
[2026-05-12 05:24:43] Dihapus: doc_6a02a6721e5508.51298358.pdf (usia: 4901d, ukuran: 216.25 KB)
[2026-05-12 05:24:43] Dihapus: doc_6a02a6721e5508.51298358_page1.jpg (usia: 4901d, ukuran: 217.47 KB)
[2026-05-12 05:24:43] Dihapus: doc_6a02a6851f59a2.07719410.pdf (usia: 4885d, ukuran: 42.65 KB)
[2026-05-12 05:24:43] Dihapus: doc_6a02a6851f59a2.07719410_page1.jpg (usia: 4884d, ukuran: 276.98 KB)
[2026-05-12 05:24:43] Dihapus: doc_6a02a6851f59a2.07719410_page2.jpg (usia: 4884d, ukuran: 135.42 KB)
[2026-05-12 05:24:43] Dihapus: doc_6a02a6a0b812d4.97316262.pdf (usia: 4855d, ukuran: 216.25 KB)
[2026-05-12 05:24:43] Dihapus: doc_6a02a6a0b812d4.97316262_page1.jpg (usia: 4854d, ukuran: 217.47 KB)
[2026-05-12 05:24:43] Dihapus: test_page1.jpg (usia: 4971d, ukuran: 342.77 KB)
[2026-05-12 05:24:43] Dihapus: test_page2.jpg (usia: 4971d, ukuran: 89.1 KB)
[2026-05-12 05:24:43] Selesai. Dihapus: 509 file (189.2 MB) | Dilewati: 80 | Error: 0
[2026-05-12 05:28:34] [DRY-RUN] Memulai cleanup. Max-age: 3600 detik (60 menit).
[2026-05-12 05:28:34] [DRY-RUN] Selesai. Akan dihapus: 0 file (0 B) | Dilewati: 80 | Error: 0
[2026-05-12 05:29:32] Memulai cleanup. Max-age: 3600 detik (60 menit).
[2026-05-12 05:29:32] Selesai. Dihapus: 0 file (0 B) | Dilewati: 80 | Error: 0
[2026-05-12 05:30:09] Memulai cleanup. Max-age: 3600 detik (60 menit).
[2026-05-12 05:30:09] Selesai. Dihapus: 0 file (0 B) | Dilewati: 80 | Error: 0
[2026-05-12 06:00:01] Memulai cleanup. Max-age: 3600 detik (60 menit).
[2026-05-12 06:00:01] Dihapus: doc_6a02b2338b2fa4.61625239. (usia: 4014d, ukuran: 1.34 MB)
[2026-05-12 06:00:01] Dihapus: doc_6a02b3b7684e50.20400915.pptx (usia: 3626d, ukuran: 1.34 MB)
[2026-05-12 06:00:01] Dihapus: doc_6a02b3c5210933.56668440.docx (usia: 3612d, ukuran: 17.25 KB)
[2026-05-12 06:00:01] Dihapus: doc_6a02b2338b2fa4.61625239.pdf (usia: 4010d, ukuran: 344.86 KB)
[2026-05-12 06:00:01] Dihapus: doc_6a02b2338b2fa4.61625239_page1.jpg (usia: 4001d, ukuran: 482.01 KB)
[2026-05-12 06:00:01] Dihapus: doc_6a02b2338b2fa4.61625239_page10.jpg (usia: 4000d, ukuran: 286.89 KB)
[2026-05-12 06:00:01] Dihapus: doc_6a02b2338b2fa4.61625239_page11.jpg (usia: 4000d, ukuran: 414.82 KB)
[2026-05-12 06:00:01] Dihapus: doc_6a02b2338b2fa4.61625239_page2.jpg (usia: 4001d, ukuran: 345.52 KB)
[2026-05-12 06:00:01] Dihapus: doc_6a02b2338b2fa4.61625239_page3.jpg (usia: 4001d, ukuran: 324.29 KB)
[2026-05-12 06:00:01] Dihapus: doc_6a02b2338b2fa4.61625239_page4.jpg (usia: 4001d, ukuran: 252.35 KB)
[2026-05-12 06:00:01] Dihapus: doc_6a02b2338b2fa4.61625239_page5.jpg (usia: 4001d, ukuran: 179.99 KB)
[2026-05-12 06:00:01] Dihapus: doc_6a02b2338b2fa4.61625239_page6.jpg (usia: 4001d, ukuran: 242.67 KB)
[2026-05-12 06:00:01] Dihapus: doc_6a02b2338b2fa4.61625239_page7.jpg (usia: 4000d, ukuran: 305.91 KB)
[2026-05-12 06:00:01] Dihapus: doc_6a02b2338b2fa4.61625239_page8.jpg (usia: 4000d, ukuran: 301.24 KB)
[2026-05-12 06:00:01] Dihapus: doc_6a02b2338b2fa4.61625239_page9.jpg (usia: 4000d, ukuran: 301.18 KB)
[2026-05-12 06:00:01] Dihapus: doc_6a02b3b7684e50.20400915.pdf (usia: 3623d, ukuran: 344.86 KB)
[2026-05-12 06:00:01] Dihapus: doc_6a02b3b7684e50.20400915_page1.jpg (usia: 3623d, ukuran: 444.49 KB)
[2026-05-12 06:00:01] Dihapus: doc_6a02b3b7684e50.20400915_page10.jpg (usia: 3622d, ukuran: 272.15 KB)
[2026-05-12 06:00:01] Dihapus: doc_6a02b3b7684e50.20400915_page11.jpg (usia: 3622d, ukuran: 330.53 KB)
[2026-05-12 06:00:01] Dihapus: doc_6a02b3b7684e50.20400915_page2.jpg (usia: 3623d, ukuran: 326.79 KB)
[2026-05-12 06:00:01] Dihapus: doc_6a02b3b7684e50.20400915_page3.jpg (usia: 3623d, ukuran: 302.88 KB)
[2026-05-12 06:00:01] Dihapus: doc_6a02b3b7684e50.20400915_page4.jpg (usia: 3622d, ukuran: 243.3 KB)
[2026-05-12 06:00:01] Dihapus: doc_6a02b3b7684e50.20400915_page5.jpg (usia: 3622d, ukuran: 181.11 KB)
[2026-05-12 06:00:01] Dihapus: doc_6a02b3b7684e50.20400915_page6.jpg (usia: 3622d, ukuran: 234.13 KB)
[2026-05-12 06:00:01] Dihapus: doc_6a02b3b7684e50.20400915_page7.jpg (usia: 3622d, ukuran: 293.16 KB)
[2026-05-12 06:00:01] Dihapus: doc_6a02b3b7684e50.20400915_page8.jpg (usia: 3622d, ukuran: 284.25 KB)
[2026-05-12 06:00:01] Dihapus: doc_6a02b3b7684e50.20400915_page9.jpg (usia: 3622d, ukuran: 285.63 KB)
[2026-05-12 06:00:01] Dihapus: doc_6a02b3c5210933.56668440.pdf (usia: 3610d, ukuran: 42.65 KB)
[2026-05-12 06:00:01] Dihapus: doc_6a02b3c5210933.56668440_page1.jpg (usia: 3610d, ukuran: 335.26 KB)
[2026-05-12 06:00:01] Dihapus: doc_6a02b3c5210933.56668440_page2.jpg (usia: 3610d, ukuran: 140.03 KB)
[2026-05-12 06:00:01] Selesai. Dihapus: 30 file (10.35 MB) | Dilewati: 58 | Error: 0
[2026-05-12 06:52:45] Memulai cleanup. Max-age: 3600 detik (60 menit).
[2026-05-12 06:52:45] Dihapus: doc_6a02b3d62c5293.15773848.pdf (usia: 6759d, ukuran: 55.31 KB)
[2026-05-12 06:52:45] Dihapus: doc_6a02b40e5b77e4.56701590.pdf (usia: 6703d, ukuran: 1009.87 KB)
[2026-05-12 06:52:45] Dihapus: doc_6a02b608b2a8a9.70184630.pdf (usia: 6197d, ukuran: 1009.87 KB)
[2026-05-12 06:52:45] Dihapus: doc_6a02b6b2912cf3.09296784.pdf (usia: 6027d, ukuran: 68.95 KB)
[2026-05-12 06:52:45] Dihapus: doc_6a02b802eedcd2.14670495.docx (usia: 5691d, ukuran: 57.62 KB)
[2026-05-12 06:52:45] Dihapus: doc_6a02b8197ed4c3.75731699.docx (usia: 5668d, ukuran: 378.15 KB)
[2026-05-12 06:52:45] Dihapus: doc_6a02b8a1ac8388.03945487.docx (usia: 5532d, ukuran: 21.32 KB)
[2026-05-12 06:52:45] Dihapus: doc_6a02bc64b33d48.00696740.pdf (usia: 4569d, ukuran: 624.01 KB)
[2026-05-12 06:52:45] Dihapus: doc_6a02bc68257b89.31432077.docx (usia: 4565d, ukuran: 350.8 KB)
[2026-05-12 06:52:45] Dihapus: doc_6a02bc7ce41026.11454328.docx (usia: 4545d, ukuran: 350.83 KB)
[2026-05-12 06:52:45] Dihapus: doc_6a02b3d62c5293.15773848_page1.jpg (usia: 6759d, ukuran: 342.77 KB)
[2026-05-12 06:52:45] Dihapus: doc_6a02b3d62c5293.15773848_page2.jpg (usia: 6759d, ukuran: 89.1 KB)
[2026-05-12 06:52:45] Dihapus: doc_6a02b40e5b77e4.56701590_page1.jpg (usia: 6703d, ukuran: 254.64 KB)
[2026-05-12 06:52:45] Dihapus: doc_6a02b40e5b77e4.56701590_page10.jpg (usia: 6702d, ukuran: 344.46 KB)
[2026-05-12 06:52:45] Dihapus: doc_6a02b40e5b77e4.56701590_page11.jpg (usia: 6702d, ukuran: 370.62 KB)
[2026-05-12 06:52:45] Dihapus: doc_6a02b40e5b77e4.56701590_page2.jpg (usia: 6703d, ukuran: 573.72 KB)
[2026-05-12 06:52:45] Dihapus: doc_6a02b40e5b77e4.56701590_page3.jpg (usia: 6703d, ukuran: 350.98 KB)
[2026-05-12 06:52:45] Dihapus: doc_6a02b40e5b77e4.56701590_page4.jpg (usia: 6703d, ukuran: 259.91 KB)
[2026-05-12 06:52:45] Dihapus: doc_6a02b40e5b77e4.56701590_page5.jpg (usia: 6703d, ukuran: 393.46 KB)
[2026-05-12 06:52:45] Dihapus: doc_6a02b40e5b77e4.56701590_page6.jpg (usia: 6702d, ukuran: 407.64 KB)
[2026-05-12 06:52:45] Dihapus: doc_6a02b40e5b77e4.56701590_page7.jpg (usia: 6702d, ukuran: 322.69 KB)
[2026-05-12 06:52:45] Dihapus: doc_6a02b40e5b77e4.56701590_page8.jpg (usia: 6702d, ukuran: 326.94 KB)
[2026-05-12 06:52:45] Dihapus: doc_6a02b40e5b77e4.56701590_page9.jpg (usia: 6702d, ukuran: 269.12 KB)
[2026-05-12 06:52:45] Dihapus: doc_6a02b608b2a8a9.70184630_page1.jpg (usia: 6197d, ukuran: 125.14 KB)
[2026-05-12 06:52:45] Dihapus: doc_6a02b608b2a8a9.70184630_page10.jpg (usia: 6196d, ukuran: 162.75 KB)
[2026-05-12 06:52:45] Dihapus: doc_6a02b608b2a8a9.70184630_page11.jpg (usia: 6195d, ukuran: 169.64 KB)
[2026-05-12 06:52:45] Dihapus: doc_6a02b608b2a8a9.70184630_page2.jpg (usia: 6196d, ukuran: 276.78 KB)
[2026-05-12 06:52:45] Dihapus: doc_6a02b608b2a8a9.70184630_page3.jpg (usia: 6196d, ukuran: 163.39 KB)
[2026-05-12 06:52:45] Dihapus: doc_6a02b608b2a8a9.70184630_page4.jpg (usia: 6196d, ukuran: 127.33 KB)
[2026-05-12 06:52:45] Dihapus: doc_6a02b608b2a8a9.70184630_page5.jpg (usia: 6196d, ukuran: 189.23 KB)
[2026-05-12 06:52:45] Dihapus: doc_6a02b608b2a8a9.70184630_page6.jpg (usia: 6196d, ukuran: 194.03 KB)
[2026-05-12 06:52:45] Dihapus: doc_6a02b608b2a8a9.70184630_page7.jpg (usia: 6196d, ukuran: 155.31 KB)
[2026-05-12 06:52:45] Dihapus: doc_6a02b608b2a8a9.70184630_page8.jpg (usia: 6196d, ukuran: 156.63 KB)
[2026-05-12 06:52:45] Dihapus: doc_6a02b608b2a8a9.70184630_page9.jpg (usia: 6196d, ukuran: 129.94 KB)
[2026-05-12 06:52:45] Dihapus: doc_6a02b6b2912cf3.09296784_page1.jpg (usia: 6027d, ukuran: 97.92 KB)
[2026-05-12 06:52:45] Dihapus: doc_6a02b802eedcd2.14670495.pdf (usia: 5686d, ukuran: 77.64 KB)
[2026-05-12 06:52:45] Dihapus: doc_6a02b802eedcd2.14670495_page1.jpg (usia: 5686d, ukuran: 238.19 KB)
[2026-05-12 06:52:45] Dihapus: doc_6a02b8197ed4c3.75731699.pdf (usia: 5664d, ukuran: 433.61 KB)
[2026-05-12 06:52:45] Dihapus: doc_6a02b8197ed4c3.75731699_page1.jpg (usia: 5664d, ukuran: 1.84 MB)
[2026-05-12 06:52:45] Dihapus: doc_6a02b8197ed4c3.75731699_page2.jpg (usia: 5664d, ukuran: 1.67 MB)
[2026-05-12 06:52:45] Dihapus: doc_6a02b8197ed4c3.75731699_page3.jpg (usia: 5664d, ukuran: 1.68 MB)
[2026-05-12 06:52:45] Dihapus: doc_6a02b8197ed4c3.75731699_page4.jpg (usia: 5664d, ukuran: 1.56 MB)
[2026-05-12 06:52:45] Dihapus: doc_6a02b8197ed4c3.75731699_page5.jpg (usia: 5664d, ukuran: 1.09 MB)
[2026-05-12 06:52:45] Dihapus: doc_6a02b8197ed4c3.75731699_page6.jpg (usia: 5664d, ukuran: 496.07 KB)
[2026-05-12 06:52:45] Dihapus: doc_6a02b8a1ac8388.03945487.pdf (usia: 5530d, ukuran: 102.5 KB)
[2026-05-12 06:52:45] Dihapus: doc_6a02b8a1ac8388.03945487_page1.jpg (usia: 5530d, ukuran: 2.26 MB)
[2026-05-12 06:52:45] Dihapus: doc_6a02b8a1ac8388.03945487_page2.jpg (usia: 5530d, ukuran: 1.93 MB)
[2026-05-12 06:52:45] Dihapus: doc_6a02b8a1ac8388.03945487_page3.jpg (usia: 5529d, ukuran: 1.67 MB)
[2026-05-12 06:52:45] Dihapus: doc_6a02b8a1ac8388.03945487_page4.jpg (usia: 5529d, ukuran: 3.04 MB)
[2026-05-12 06:52:45] Dihapus: doc_6a02b8a1ac8388.03945487_page5.jpg (usia: 5529d, ukuran: 866.03 KB)
[2026-05-12 06:52:45] Dihapus: doc_6a02b8a1ac8388.03945487_page6.jpg (usia: 5529d, ukuran: 1.87 MB)
[2026-05-12 06:52:45] Dihapus: doc_6a02b8a1ac8388.03945487_page7.jpg (usia: 5529d, ukuran: 1.33 MB)
[2026-05-12 06:52:45] Dihapus: doc_6a02b8a1ac8388.03945487_page8.jpg (usia: 5529d, ukuran: 1.54 MB)
[2026-05-12 06:52:45] Dihapus: doc_6a02bc64b33d48.00696740_page1.jpg (usia: 4569d, ukuran: 313.09 KB)
[2026-05-12 06:52:45] Dihapus: doc_6a02bc68257b89.31432077.pdf (usia: 4562d, ukuran: 216.25 KB)
[2026-05-12 06:52:45] Dihapus: doc_6a02bc68257b89.31432077_page1.jpg (usia: 4561d, ukuran: 213.86 KB)
[2026-05-12 06:52:45] Dihapus: doc_6a02bc7ce41026.11454328.pdf (usia: 4540d, ukuran: 216.52 KB)
[2026-05-12 06:52:45] Dihapus: doc_6a02bc7ce41026.11454328_page1.jpg (usia: 4540d, ukuran: 199.99 KB)
[2026-05-12 06:52:45] Selesai. Dihapus: 58 file (34.71 MB) | Dilewati: 33 | Error: 0
[2026-05-12 06:53:28] Memulai cleanup. Max-age: 3600 detik (60 menit).
[2026-05-12 06:53:28] Selesai. Dihapus: 0 file (0 B) | Dilewati: 33 | Error: 0
[2026-05-12 07:00:01] Memulai cleanup. Max-age: 3600 detik (60 menit).
[2026-05-12 07:00:01] Selesai. Dihapus: 0 file (0 B) | Dilewati: 60 | Error: 0
[2026-05-12 07:06:55] Memulai cleanup. Max-age: 3600 detik (60 menit).
[2026-05-12 07:06:55] Dihapus: doc_6a02c2d62ea2f9.55782931.docx (usia: 63 menit, ukuran: 350.83 KB)
[2026-05-12 07:06:55] Dihapus: doc_6a02c2ebf11c34.17536307.docx (usia: 62 menit, ukuran: 350.78 KB)
[2026-05-12 07:06:55] Dihapus: doc_6a02c37a42e991.69299189.docx (usia: 60 menit, ukuran: 350.83 KB)
[2026-05-12 07:06:55] Dihapus: doc_6a02c2d62ea2f9.55782931.pdf (usia: 63 menit, ukuran: 216.52 KB)
[2026-05-12 07:06:55] Dihapus: doc_6a02c2d62ea2f9.55782931_page1.jpg (usia: 63 menit, ukuran: 199.99 KB)
[2026-05-12 07:06:55] Dihapus: doc_6a02c2ebf11c34.17536307.pdf (usia: 62 menit, ukuran: 216.19 KB)
[2026-05-12 07:06:55] Dihapus: doc_6a02c2ebf11c34.17536307_page1.jpg (usia: 62 menit, ukuran: 197.97 KB)
[2026-05-12 07:06:55] Dihapus: doc_6a02c37a42e991.69299189.pdf (usia: 60 menit, ukuran: 217.23 KB)
[2026-05-12 07:06:55] Dihapus: doc_6a02c37a42e991.69299189_page1.jpg (usia: 60 menit, ukuran: 214.59 KB)
[2026-05-12 07:06:55] Selesai. Dihapus: 9 file (2.26 MB) | Dilewati: 51 | Error: 0
[2026-05-12 14:11:07] Memulai cleanup. Max-age: 3600 detik (60 menit).
[2026-05-12 14:11:07] Selesai. Dihapus: 0 file (0 B) | Dilewati: 51 | Error: 0
[2026-05-12 14:11:21] Memulai cleanup. Max-age: 3600 detik (60 menit).
[2026-05-12 14:11:21] Selesai. Dihapus: 0 file (0 B) | Dilewati: 51 | Error: 0
[2026-05-12 14:13:58] Memulai cleanup. Max-age: 3600 detik (60 menit).
[2026-05-12 14:13:58] Dihapus: doc_6a02c4b223ad97.73116187.docx (usia: 62 menit, ukuran: 350.89 KB)
[2026-05-12 14:13:58] Dihapus: doc_6a02c51a83e1a8.08167841.docx (usia: 60 menit, ukuran: 350.9 KB)
[2026-05-12 14:13:58] Dihapus: doc_6a02c4b223ad97.73116187.pdf (usia: 62 menit, ukuran: 217.37 KB)
[2026-05-12 14:13:58] Dihapus: doc_6a02c4b223ad97.73116187_page1.jpg (usia: 62 menit, ukuran: 220.91 KB)
[2026-05-12 14:13:58] Dihapus: doc_6a02c51a83e1a8.08167841.pdf (usia: 60 menit, ukuran: 217.29 KB)
[2026-05-12 14:13:58] Dihapus: doc_6a02c51a83e1a8.08167841_page1.jpg (usia: 60 menit, ukuran: 254.95 KB)
[2026-05-12 14:13:58] Selesai. Dihapus: 6 file (1.57 MB) | Dilewati: 45 | Error: 0
[2026-05-12 14:15:37] Memulai cleanup. Max-age: 3600 detik (60 menit).
[2026-05-12 14:15:37] Dihapus: doc_6a02c589a1be34.14896962.docx (usia: 60 menit, ukuran: 350.97 KB)
[2026-05-12 14:15:37] Selesai. Dihapus: 1 file (350.97 KB) | Dilewati: 44 | Error: 0
[2026-05-12 15:00:01] Memulai cleanup. Max-age: 3600 detik (60 menit).
[2026-05-12 15:00:01] Dihapus: doc_6a02c5ab29e236.58084582.docx (usia: 104 menit, ukuran: 350.97 KB)
[2026-05-12 15:00:01] Dihapus: doc_6a02c69e69e3c2.53171852.docx (usia: 100 menit, ukuran: 351.22 KB)
[2026-05-12 15:00:01] Dihapus: doc_6a02c8f6c419b3.54462004.docx (usia: 90 menit, ukuran: 350.66 KB)
[2026-05-12 15:00:01] Dihapus: doc_6a02c93eb1e758.10826456.docx (usia: 89 menit, ukuran: 350.63 KB)
[2026-05-12 15:00:01] Dihapus: doc_6a02ca84349e64.55455167.docx (usia: 83 menit, ukuran: 81.17 KB)
[2026-05-12 15:00:01] Dihapus: doc_6a02cf0a30a037.36709090.pdf (usia: 64 menit, ukuran: 664.08 KB)
[2026-05-12 15:00:01] Dihapus: doc_6a02cf812f5ad0.33158351.pdf (usia: 62 menit, ukuran: 175.93 KB)
[2026-05-12 15:00:01] Dihapus: doc_6a02c589a1be34.14896962.pdf (usia: 104 menit, ukuran: 219.92 KB)
[2026-05-12 15:00:01] Dihapus: doc_6a02c589a1be34.14896962_page1.jpg (usia: 104 menit, ukuran: 244.16 KB)
[2026-05-12 15:00:01] Dihapus: doc_6a02c5ab29e236.58084582.pdf (usia: 104 menit, ukuran: 219.92 KB)
[2026-05-12 15:00:01] Dihapus: doc_6a02c5ab29e236.58084582_page1.jpg (usia: 104 menit, ukuran: 244.16 KB)
[2026-05-12 15:00:01] Dihapus: doc_6a02c69e69e3c2.53171852.pdf (usia: 100 menit, ukuran: 218.02 KB)
[2026-05-12 15:00:01] Dihapus: doc_6a02c69e69e3c2.53171852_page1.jpg (usia: 100 menit, ukuran: 305.16 KB)
[2026-05-12 15:00:01] Dihapus: doc_6a02c8f6c419b3.54462004.pdf (usia: 90 menit, ukuran: 214.84 KB)
[2026-05-12 15:00:01] Dihapus: doc_6a02c8f6c419b3.54462004_page1.jpg (usia: 90 menit, ukuran: 236.48 KB)
[2026-05-12 15:00:01] Dihapus: doc_6a02c93eb1e758.10826456.pdf (usia: 89 menit, ukuran: 219.4 KB)
[2026-05-12 15:00:01] Dihapus: doc_6a02c93eb1e758.10826456_page1.jpg (usia: 89 menit, ukuran: 252.52 KB)
[2026-05-12 15:00:01] Dihapus: doc_6a02ca84349e64.55455167.pdf (usia: 83 menit, ukuran: 42.33 KB)
[2026-05-12 15:00:01] Dihapus: doc_6a02ca84349e64.55455167_page1.jpg (usia: 83 menit, ukuran: 162.31 KB)
[2026-05-12 15:00:01] Dihapus: doc_6a02cf0a30a037.36709090_page1.jpg (usia: 64 menit, ukuran: 658.28 KB)
[2026-05-12 15:00:01] Dihapus: doc_6a02cf0a30a037.36709090_page2.jpg (usia: 64 menit, ukuran: 893.27 KB)
[2026-05-12 15:00:01] Dihapus: doc_6a02cf0a30a037.36709090_page3.jpg (usia: 64 menit, ukuran: 995.56 KB)
[2026-05-12 15:00:01] Dihapus: doc_6a02cf0a30a037.36709090_page4.jpg (usia: 64 menit, ukuran: 540.55 KB)
[2026-05-12 15:00:01] Dihapus: doc_6a02cf0a30a037.36709090_page5.jpg (usia: 64 menit, ukuran: 825.71 KB)
[2026-05-12 15:00:01] Dihapus: doc_6a02cf0a30a037.36709090_page6.jpg (usia: 64 menit, ukuran: 934.16 KB)
[2026-05-12 15:00:01] Dihapus: doc_6a02cf0a30a037.36709090_page7.jpg (usia: 64 menit, ukuran: 937.52 KB)
[2026-05-12 15:00:01] Dihapus: doc_6a02cf812f5ad0.33158351_page1.jpg (usia: 62 menit, ukuran: 682.5 KB)
[2026-05-12 15:00:01] Dihapus: doc_6a02cf812f5ad0.33158351_page10.jpg (usia: 62 menit, ukuran: 1.19 MB)
[2026-05-12 15:00:01] Dihapus: doc_6a02cf812f5ad0.33158351_page11.jpg (usia: 62 menit, ukuran: 1.8 MB)
[2026-05-12 15:00:01] Dihapus: doc_6a02cf812f5ad0.33158351_page12.jpg (usia: 62 menit, ukuran: 2.06 MB)
[2026-05-12 15:00:01] Dihapus: doc_6a02cf812f5ad0.33158351_page13.jpg (usia: 62 menit, ukuran: 1.8 MB)
[2026-05-12 15:00:01] Dihapus: doc_6a02cf812f5ad0.33158351_page14.jpg (usia: 62 menit, ukuran: 1.81 MB)
[2026-05-12 15:00:01] Dihapus: doc_6a02cf812f5ad0.33158351_page15.jpg (usia: 62 menit, ukuran: 1.25 MB)
[2026-05-12 15:00:01] Dihapus: doc_6a02cf812f5ad0.33158351_page16.jpg (usia: 62 menit, ukuran: 1.67 MB)
[2026-05-12 15:00:01] Dihapus: doc_6a02cf812f5ad0.33158351_page17.jpg (usia: 62 menit, ukuran: 1.57 MB)
[2026-05-12 15:00:01] Dihapus: doc_6a02cf812f5ad0.33158351_page18.jpg (usia: 62 menit, ukuran: 382.74 KB)
[2026-05-12 15:00:01] Dihapus: doc_6a02cf812f5ad0.33158351_page2.jpg (usia: 62 menit, ukuran: 1.48 MB)
[2026-05-12 15:00:01] Dihapus: doc_6a02cf812f5ad0.33158351_page3.jpg (usia: 62 menit, ukuran: 1.5 MB)
[2026-05-12 15:00:01] Dihapus: doc_6a02cf812f5ad0.33158351_page4.jpg (usia: 62 menit, ukuran: 2.23 MB)
[2026-05-12 15:00:01] Dihapus: doc_6a02cf812f5ad0.33158351_page5.jpg (usia: 62 menit, ukuran: 1.87 MB)
[2026-05-12 15:00:01] Dihapus: doc_6a02cf812f5ad0.33158351_page6.jpg (usia: 62 menit, ukuran: 1.74 MB)
[2026-05-12 15:00:01] Dihapus: doc_6a02cf812f5ad0.33158351_page7.jpg (usia: 62 menit, ukuran: 1.12 MB)
[2026-05-12 15:00:01] Dihapus: doc_6a02cf812f5ad0.33158351_page8.jpg (usia: 62 menit, ukuran: 1.89 MB)
[2026-05-12 15:00:01] Dihapus: doc_6a02cf812f5ad0.33158351_page9.jpg (usia: 62 menit, ukuran: 1.79 MB)
[2026-05-12 15:00:01] Selesai. Dihapus: 44 file (38.24 MB) | Dilewati: 2 | Error: 0
[2026-05-12 16:00:01] Memulai cleanup. Max-age: 3600 detik (60 menit).
[2026-05-12 16:00:01] Dihapus: doc_6a02d44f49c011.28631343.jpg (usia: 101 menit, ukuran: 1.45 MB)
[2026-05-12 16:00:01] Dihapus: doc_6a02d44f49c011.28631343_p1.jpg (usia: 101 menit, ukuran: 226.16 KB)
[2026-05-12 16:00:01] Selesai. Dihapus: 2 file (1.67 MB) | Dilewati: 240 | Error: 0
[2026-05-12 17:00:01] Memulai cleanup. Max-age: 3600 detik (60 menit).
[2026-05-12 17:00:01] Dihapus: doc_6a02de4aa1bc66.63523763.xlsx (usia: 119 menit, ukuran: 259.94 KB)
[2026-05-12 17:00:01] Dihapus: doc_6a02de64ccdee6.16710452.jpg (usia: 118 menit, ukuran: 1.45 MB)
[2026-05-12 17:00:01] Dihapus: doc_6a02de7027d339.35891742.jpg (usia: 118 menit, ukuran: 1.45 MB)
[2026-05-12 17:00:01] Dihapus: doc_6a02e43d5786c0.71446404.pdf (usia: 93 menit, ukuran: 45.99 KB)
[2026-05-12 17:00:01] Dihapus: doc_6a02e858004de1.77527837.jpg (usia: 76 menit, ukuran: 6.76 MB)
[2026-05-12 17:00:01] Dihapus: doc_6a02de4aa1bc66.63523763.pdf (usia: 119 menit, ukuran: 15.75 MB)
[2026-05-12 17:00:01] Dihapus: doc_6a02de4aa1bc66.63523763_page1.jpg (usia: 119 menit, ukuran: 469.79 KB)
[2026-05-12 17:00:01] Dihapus: doc_6a02de4aa1bc66.63523763_page10.jpg (usia: 119 menit, ukuran: 579.94 KB)
[2026-05-12 17:00:01] Dihapus: doc_6a02de4aa1bc66.63523763_page100.jpg (usia: 119 menit, ukuran: 459.63 KB)
[2026-05-12 17:00:01] Dihapus: doc_6a02de4aa1bc66.63523763_page101.jpg (usia: 119 menit, ukuran: 477.44 KB)
[2026-05-12 17:00:01] Dihapus: doc_6a02de4aa1bc66.63523763_page102.jpg (usia: 119 menit, ukuran: 477.42 KB)
[2026-05-12 17:00:01] Dihapus: doc_6a02de4aa1bc66.63523763_page103.jpg (usia: 119 menit, ukuran: 418.82 KB)
[2026-05-12 17:00:01] Dihapus: doc_6a02de4aa1bc66.63523763_page104.jpg (usia: 119 menit, ukuran: 441.26 KB)
[2026-05-12 17:00:01] Dihapus: doc_6a02de4aa1bc66.63523763_page105.jpg (usia: 119 menit, ukuran: 414.57 KB)
[2026-05-12 17:00:01] Dihapus: doc_6a02de4aa1bc66.63523763_page106.jpg (usia: 119 menit, ukuran: 403.4 KB)
[2026-05-12 17:00:01] Dihapus: doc_6a02de4aa1bc66.63523763_page107.jpg (usia: 119 menit, ukuran: 395.86 KB)
[2026-05-12 17:00:01] Dihapus: doc_6a02de4aa1bc66.63523763_page108.jpg (usia: 119 menit, ukuran: 416.28 KB)
[2026-05-12 17:00:01] Dihapus: doc_6a02de4aa1bc66.63523763_page109.jpg (usia: 119 menit, ukuran: 419.26 KB)
[2026-05-12 17:00:01] Dihapus: doc_6a02de4aa1bc66.63523763_page11.jpg (usia: 119 menit, ukuran: 575.86 KB)
[2026-05-12 17:00:01] Dihapus: doc_6a02de4aa1bc66.63523763_page110.jpg (usia: 119 menit, ukuran: 415.17 KB)
[2026-05-12 17:00:01] Dihapus: doc_6a02de4aa1bc66.63523763_page111.jpg (usia: 119 menit, ukuran: 412.52 KB)
[2026-05-12 17:00:01] Dihapus: doc_6a02de4aa1bc66.63523763_page112.jpg (usia: 119 menit, ukuran: 424.94 KB)
[2026-05-12 17:00:01] Dihapus: doc_6a02de4aa1bc66.63523763_page113.jpg (usia: 119 menit, ukuran: 410.08 KB)
[2026-05-12 17:00:01] Dihapus: doc_6a02de4aa1bc66.63523763_page114.jpg (usia: 119 menit, ukuran: 397.04 KB)
[2026-05-12 17:00:01] Dihapus: doc_6a02de4aa1bc66.63523763_page115.jpg (usia: 119 menit, ukuran: 399.94 KB)
[2026-05-12 17:00:01] Dihapus: doc_6a02de4aa1bc66.63523763_page116.jpg (usia: 119 menit, ukuran: 388.38 KB)
[2026-05-12 17:00:01] Dihapus: doc_6a02de4aa1bc66.63523763_page117.jpg (usia: 119 menit, ukuran: 401.24 KB)
[2026-05-12 17:00:01] Dihapus: doc_6a02de4aa1bc66.63523763_page118.jpg (usia: 119 menit, ukuran: 414.75 KB)
[2026-05-12 17:00:01] Dihapus: doc_6a02de4aa1bc66.63523763_page119.jpg (usia: 119 menit, ukuran: 403.35 KB)
[2026-05-12 17:00:01] Dihapus: doc_6a02de4aa1bc66.63523763_page12.jpg (usia: 119 menit, ukuran: 584.9 KB)
[2026-05-12 17:00:01] Dihapus: doc_6a02de4aa1bc66.63523763_page120.jpg (usia: 119 menit, ukuran: 393.64 KB)
[2026-05-12 17:00:01] Dihapus: doc_6a02de4aa1bc66.63523763_page121.jpg (usia: 119 menit, ukuran: 413.43 KB)
[2026-05-12 17:00:01] Dihapus: doc_6a02de4aa1bc66.63523763_page122.jpg (usia: 119 menit, ukuran: 416.68 KB)
[2026-05-12 17:00:01] Dihapus: doc_6a02de4aa1bc66.63523763_page123.jpg (usia: 119 menit, ukuran: 421.22 KB)
[2026-05-12 17:00:01] Dihapus: doc_6a02de4aa1bc66.63523763_page124.jpg (usia: 119 menit, ukuran: 440.28 KB)
[2026-05-12 17:00:01] Dihapus: doc_6a02de4aa1bc66.63523763_page125.jpg (usia: 119 menit, ukuran: 467.26 KB)
[2026-05-12 17:00:01] Dihapus: doc_6a02de4aa1bc66.63523763_page126.jpg (usia: 119 menit, ukuran: 233.07 KB)
[2026-05-12 17:00:01] Dihapus: doc_6a02de4aa1bc66.63523763_page127.jpg (usia: 119 menit, ukuran: 345.06 KB)
[2026-05-12 17:00:01] Dihapus: doc_6a02de4aa1bc66.63523763_page128.jpg (usia: 119 menit, ukuran: 403 KB)
[2026-05-12 17:00:01] Dihapus: doc_6a02de4aa1bc66.63523763_page129.jpg (usia: 119 menit, ukuran: 319.49 KB)
[2026-05-12 17:00:01] Dihapus: doc_6a02de4aa1bc66.63523763_page13.jpg (usia: 119 menit, ukuran: 575.3 KB)
[2026-05-12 17:00:01] Dihapus: doc_6a02de4aa1bc66.63523763_page130.jpg (usia: 119 menit, ukuran: 387.07 KB)
[2026-05-12 17:00:01] Dihapus: doc_6a02de4aa1bc66.63523763_page131.jpg (usia: 119 menit, ukuran: 382.59 KB)
[2026-05-12 17:00:01] Dihapus: doc_6a02de4aa1bc66.63523763_page132.jpg (usia: 119 menit, ukuran: 346.67 KB)
[2026-05-12 17:00:01] Dihapus: doc_6a02de4aa1bc66.63523763_page133.jpg (usia: 119 menit, ukuran: 339.89 KB)
[2026-05-12 17:00:01] Dihapus: doc_6a02de4aa1bc66.63523763_page134.jpg (usia: 119 menit, ukuran: 413.78 KB)
[2026-05-12 17:00:01] Dihapus: doc_6a02de4aa1bc66.63523763_page135.jpg (usia: 119 menit, ukuran: 447.87 KB)
[2026-05-12 17:00:01] Dihapus: doc_6a02de4aa1bc66.63523763_page136.jpg (usia: 119 menit, ukuran: 429.78 KB)
[2026-05-12 17:00:01] Dihapus: doc_6a02de4aa1bc66.63523763_page137.jpg (usia: 119 menit, ukuran: 415.77 KB)
[2026-05-12 17:00:01] Dihapus: doc_6a02de4aa1bc66.63523763_page138.jpg (usia: 119 menit, ukuran: 327.29 KB)
[2026-05-12 17:00:01] Dihapus: doc_6a02de4aa1bc66.63523763_page139.jpg (usia: 119 menit, ukuran: 394.47 KB)
[2026-05-12 17:00:01] Dihapus: doc_6a02de4aa1bc66.63523763_page14.jpg (usia: 119 menit, ukuran: 576.42 KB)
[2026-05-12 17:00:01] Dihapus: doc_6a02de4aa1bc66.63523763_page140.jpg (usia: 119 menit, ukuran: 434.02 KB)
[2026-05-12 17:00:01] Dihapus: doc_6a02de4aa1bc66.63523763_page141.jpg (usia: 119 menit, ukuran: 427.83 KB)
[2026-05-12 17:00:01] Dihapus: doc_6a02de4aa1bc66.63523763_page142.jpg (usia: 119 menit, ukuran: 326.34 KB)
[2026-05-12 17:00:01] Dihapus: doc_6a02de4aa1bc66.63523763_page143.jpg (usia: 119 menit, ukuran: 406.37 KB)
[2026-05-12 17:00:01] Dihapus: doc_6a02de4aa1bc66.63523763_page144.jpg (usia: 119 menit, ukuran: 394.07 KB)
[2026-05-12 17:00:01] Dihapus: doc_6a02de4aa1bc66.63523763_page145.jpg (usia: 119 menit, ukuran: 306.76 KB)
[2026-05-12 17:00:01] Dihapus: doc_6a02de4aa1bc66.63523763_page146.jpg (usia: 119 menit, ukuran: 408.98 KB)
[2026-05-12 17:00:01] Dihapus: doc_6a02de4aa1bc66.63523763_page147.jpg (usia: 119 menit, ukuran: 394.52 KB)
[2026-05-12 17:00:01] Dihapus: doc_6a02de4aa1bc66.63523763_page148.jpg (usia: 119 menit, ukuran: 378.33 KB)
[2026-05-12 17:00:01] Dihapus: doc_6a02de4aa1bc66.63523763_page149.jpg (usia: 119 menit, ukuran: 291.54 KB)
[2026-05-12 17:00:01] Dihapus: doc_6a02de4aa1bc66.63523763_page15.jpg (usia: 119 menit, ukuran: 579.76 KB)
[2026-05-12 17:00:01] Dihapus: doc_6a02de4aa1bc66.63523763_page150.jpg (usia: 119 menit, ukuran: 318.54 KB)
[2026-05-12 17:00:01] Dihapus: doc_6a02de4aa1bc66.63523763_page151.jpg (usia: 119 menit, ukuran: 294 KB)
[2026-05-12 17:00:01] Dihapus: doc_6a02de4aa1bc66.63523763_page152.jpg (usia: 119 menit, ukuran: 320.65 KB)
[2026-05-12 17:00:01] Dihapus: doc_6a02de4aa1bc66.63523763_page153.jpg (usia: 119 menit, ukuran: 372.45 KB)
[2026-05-12 17:00:01] Dihapus: doc_6a02de4aa1bc66.63523763_page154.jpg (usia: 119 menit, ukuran: 357.13 KB)
[2026-05-12 17:00:01] Dihapus: doc_6a02de4aa1bc66.63523763_page155.jpg (usia: 119 menit, ukuran: 343.54 KB)
[2026-05-12 17:00:01] Dihapus: doc_6a02de4aa1bc66.63523763_page156.jpg (usia: 119 menit, ukuran: 370.26 KB)
[2026-05-12 17:00:01] Dihapus: doc_6a02de4aa1bc66.63523763_page157.jpg (usia: 119 menit, ukuran: 363.1 KB)
[2026-05-12 17:00:01] Dihapus: doc_6a02de4aa1bc66.63523763_page158.jpg (usia: 119 menit, ukuran: 469.68 KB)
[2026-05-12 17:00:01] Dihapus: doc_6a02de4aa1bc66.63523763_page159.jpg (usia: 119 menit, ukuran: 392.55 KB)
[2026-05-12 17:00:01] Dihapus: doc_6a02de4aa1bc66.63523763_page16.jpg (usia: 119 menit, ukuran: 571.29 KB)
[2026-05-12 17:00:01] Dihapus: doc_6a02de4aa1bc66.63523763_page160.jpg (usia: 119 menit, ukuran: 312.35 KB)
[2026-05-12 17:00:01] Dihapus: doc_6a02de4aa1bc66.63523763_page161.jpg (usia: 119 menit, ukuran: 434.6 KB)
[2026-05-12 17:00:01] Dihapus: doc_6a02de4aa1bc66.63523763_page162.jpg (usia: 119 menit, ukuran: 358.73 KB)
[2026-05-12 17:00:01] Dihapus: doc_6a02de4aa1bc66.63523763_page163.jpg (usia: 119 menit, ukuran: 324.76 KB)
[2026-05-12 17:00:01] Dihapus: doc_6a02de4aa1bc66.63523763_page164.jpg (usia: 119 menit, ukuran: 291.54 KB)
[2026-05-12 17:00:01] Dihapus: doc_6a02de4aa1bc66.63523763_page165.jpg (usia: 119 menit, ukuran: 291.54 KB)
[2026-05-12 17:00:01] Dihapus: doc_6a02de4aa1bc66.63523763_page166.jpg (usia: 119 menit, ukuran: 372.74 KB)
[2026-05-12 17:00:01] Dihapus: doc_6a02de4aa1bc66.63523763_page167.jpg (usia: 119 menit, ukuran: 376.26 KB)
[2026-05-12 17:00:01] Dihapus: doc_6a02de4aa1bc66.63523763_page168.jpg (usia: 119 menit, ukuran: 405.95 KB)
[2026-05-12 17:00:01] Dihapus: doc_6a02de4aa1bc66.63523763_page169.jpg (usia: 119 menit, ukuran: 370.47 KB)
[2026-05-12 17:00:01] Dihapus: doc_6a02de4aa1bc66.63523763_page17.jpg (usia: 119 menit, ukuran: 578.93 KB)
[2026-05-12 17:00:01] Dihapus: doc_6a02de4aa1bc66.63523763_page170.jpg (usia: 119 menit, ukuran: 355.87 KB)
[2026-05-12 17:00:01] Dihapus: doc_6a02de4aa1bc66.63523763_page171.jpg (usia: 119 menit, ukuran: 306.63 KB)
[2026-05-12 17:00:01] Dihapus: doc_6a02de4aa1bc66.63523763_page172.jpg (usia: 119 menit, ukuran: 444.51 KB)
[2026-05-12 17:00:01] Dihapus: doc_6a02de4aa1bc66.63523763_page173.jpg (usia: 119 menit, ukuran: 364.82 KB)
[2026-05-12 17:00:01] Dihapus: doc_6a02de4aa1bc66.63523763_page174.jpg (usia: 119 menit, ukuran: 415.15 KB)
[2026-05-12 17:00:01] Dihapus: doc_6a02de4aa1bc66.63523763_page175.jpg (usia: 119 menit, ukuran: 297.81 KB)
[2026-05-12 17:00:01] Dihapus: doc_6a02de4aa1bc66.63523763_page176.jpg (usia: 119 menit, ukuran: 312.51 KB)
[2026-05-12 17:00:01] Dihapus: doc_6a02de4aa1bc66.63523763_page177.jpg (usia: 119 menit, ukuran: 330.71 KB)
[2026-05-12 17:00:01] Dihapus: doc_6a02de4aa1bc66.63523763_page178.jpg (usia: 119 menit, ukuran: 355.7 KB)
[2026-05-12 17:00:01] Dihapus: doc_6a02de4aa1bc66.63523763_page179.jpg (usia: 119 menit, ukuran: 434.4 KB)
[2026-05-12 17:00:01] Dihapus: doc_6a02de4aa1bc66.63523763_page18.jpg (usia: 119 menit, ukuran: 577.22 KB)
[2026-05-12 17:00:01] Dihapus: doc_6a02de4aa1bc66.63523763_page180.jpg (usia: 119 menit, ukuran: 352.14 KB)
[2026-05-12 17:00:01] Dihapus: doc_6a02de4aa1bc66.63523763_page181.jpg (usia: 119 menit, ukuran: 295.58 KB)
[2026-05-12 17:00:01] Dihapus: doc_6a02de4aa1bc66.63523763_page182.jpg (usia: 119 menit, ukuran: 336.34 KB)
[2026-05-12 17:00:01] Dihapus: doc_6a02de4aa1bc66.63523763_page183.jpg (usia: 119 menit, ukuran: 376.77 KB)
[2026-05-12 17:00:01] Dihapus: doc_6a02de4aa1bc66.63523763_page184.jpg (usia: 119 menit, ukuran: 372.78 KB)
[2026-05-12 17:00:01] Dihapus: doc_6a02de4aa1bc66.63523763_page185.jpg (usia: 119 menit, ukuran: 324.74 KB)
[2026-05-12 17:00:01] Dihapus: doc_6a02de4aa1bc66.63523763_page186.jpg (usia: 119 menit, ukuran: 334.87 KB)
[2026-05-12 17:00:01] Dihapus: doc_6a02de4aa1bc66.63523763_page187.jpg (usia: 119 menit, ukuran: 245.67 KB)
[2026-05-12 17:00:01] Dihapus: doc_6a02de4aa1bc66.63523763_page188.jpg (usia: 119 menit, ukuran: 265.6 KB)
[2026-05-12 17:00:01] Dihapus: doc_6a02de4aa1bc66.63523763_page189.jpg (usia: 119 menit, ukuran: 151.17 KB)
[2026-05-12 17:00:01] Dihapus: doc_6a02de4aa1bc66.63523763_page19.jpg (usia: 119 menit, ukuran: 571.6 KB)
[2026-05-12 17:00:01] Dihapus: doc_6a02de4aa1bc66.63523763_page190.jpg (usia: 119 menit, ukuran: 36.66 KB)
[2026-05-12 17:00:01] Dihapus: doc_6a02de4aa1bc66.63523763_page191.jpg (usia: 119 menit, ukuran: 36.66 KB)
[2026-05-12 17:00:01] Dihapus: doc_6a02de4aa1bc66.63523763_page192.jpg (usia: 119 menit, ukuran: 36.66 KB)
[2026-05-12 17:00:01] Dihapus: doc_6a02de4aa1bc66.63523763_page193.jpg (usia: 119 menit, ukuran: 36.66 KB)
[2026-05-12 17:00:01] Dihapus: doc_6a02de4aa1bc66.63523763_page194.jpg (usia: 119 menit, ukuran: 36.66 KB)
[2026-05-12 17:00:01] Dihapus: doc_6a02de4aa1bc66.63523763_page195.jpg (usia: 119 menit, ukuran: 36.66 KB)
[2026-05-12 17:00:01] Dihapus: doc_6a02de4aa1bc66.63523763_page196.jpg (usia: 119 menit, ukuran: 36.66 KB)
[2026-05-12 17:00:01] Dihapus: doc_6a02de4aa1bc66.63523763_page197.jpg (usia: 119 menit, ukuran: 36.66 KB)
[2026-05-12 17:00:01] Dihapus: doc_6a02de4aa1bc66.63523763_page198.jpg (usia: 119 menit, ukuran: 36.66 KB)
[2026-05-12 17:00:01] Dihapus: doc_6a02de4aa1bc66.63523763_page199.jpg (usia: 119 menit, ukuran: 36.66 KB)
[2026-05-12 17:00:01] Dihapus: doc_6a02de4aa1bc66.63523763_page2.jpg (usia: 119 menit, ukuran: 579.99 KB)
[2026-05-12 17:00:01] Dihapus: doc_6a02de4aa1bc66.63523763_page20.jpg (usia: 119 menit, ukuran: 576.75 KB)
[2026-05-12 17:00:01] Dihapus: doc_6a02de4aa1bc66.63523763_page200.jpg (usia: 119 menit, ukuran: 36.66 KB)
[2026-05-12 17:00:01] Dihapus: doc_6a02de4aa1bc66.63523763_page201.jpg (usia: 119 menit, ukuran: 36.66 KB)
[2026-05-12 17:00:01] Dihapus: doc_6a02de4aa1bc66.63523763_page202.jpg (usia: 119 menit, ukuran: 36.66 KB)
[2026-05-12 17:00:01] Dihapus: doc_6a02de4aa1bc66.63523763_page203.jpg (usia: 119 menit, ukuran: 36.66 KB)
[2026-05-12 17:00:01] Dihapus: doc_6a02de4aa1bc66.63523763_page204.jpg (usia: 119 menit, ukuran: 36.66 KB)
[2026-05-12 17:00:01] Dihapus: doc_6a02de4aa1bc66.63523763_page205.jpg (usia: 119 menit, ukuran: 36.66 KB)
[2026-05-12 17:00:01] Dihapus: doc_6a02de4aa1bc66.63523763_page206.jpg (usia: 119 menit, ukuran: 36.66 KB)
[2026-05-12 17:00:01] Dihapus: doc_6a02de4aa1bc66.63523763_page207.jpg (usia: 119 menit, ukuran: 36.66 KB)
[2026-05-12 17:00:01] Dihapus: doc_6a02de4aa1bc66.63523763_page208.jpg (usia: 119 menit, ukuran: 36.66 KB)
[2026-05-12 17:00:01] Dihapus: doc_6a02de4aa1bc66.63523763_page209.jpg (usia: 119 menit, ukuran: 36.66 KB)
[2026-05-12 17:00:01] Dihapus: doc_6a02de4aa1bc66.63523763_page21.jpg (usia: 119 menit, ukuran: 582.95 KB)
[2026-05-12 17:00:01] Dihapus: doc_6a02de4aa1bc66.63523763_page210.jpg (usia: 119 menit, ukuran: 36.66 KB)
[2026-05-12 17:00:01] Dihapus: doc_6a02de4aa1bc66.63523763_page211.jpg (usia: 119 menit, ukuran: 36.66 KB)
[2026-05-12 17:00:01] Dihapus: doc_6a02de4aa1bc66.63523763_page212.jpg (usia: 119 menit, ukuran: 36.66 KB)
[2026-05-12 17:00:01] Dihapus: doc_6a02de4aa1bc66.63523763_page213.jpg (usia: 119 menit, ukuran: 36.66 KB)
[2026-05-12 17:00:01] Dihapus: doc_6a02de4aa1bc66.63523763_page214.jpg (usia: 119 menit, ukuran: 36.66 KB)
[2026-05-12 17:00:01] Dihapus: doc_6a02de4aa1bc66.63523763_page215.jpg (usia: 119 menit, ukuran: 36.66 KB)
[2026-05-12 17:00:01] Dihapus: doc_6a02de4aa1bc66.63523763_page216.jpg (usia: 119 menit, ukuran: 36.66 KB)
[2026-05-12 17:00:01] Dihapus: doc_6a02de4aa1bc66.63523763_page217.jpg (usia: 119 menit, ukuran: 36.66 KB)
[2026-05-12 17:00:01] Dihapus: doc_6a02de4aa1bc66.63523763_page218.jpg (usia: 119 menit, ukuran: 36.66 KB)
[2026-05-12 17:00:01] Dihapus: doc_6a02de4aa1bc66.63523763_page219.jpg (usia: 119 menit, ukuran: 36.66 KB)
[2026-05-12 17:00:01] Dihapus: doc_6a02de4aa1bc66.63523763_page22.jpg (usia: 119 menit, ukuran: 581.71 KB)
[2026-05-12 17:00:01] Dihapus: doc_6a02de4aa1bc66.63523763_page220.jpg (usia: 119 menit, ukuran: 36.66 KB)
[2026-05-12 17:00:01] Dihapus: doc_6a02de4aa1bc66.63523763_page221.jpg (usia: 119 menit, ukuran: 36.66 KB)
[2026-05-12 17:00:01] Dihapus: doc_6a02de4aa1bc66.63523763_page222.jpg (usia: 119 menit, ukuran: 36.66 KB)
[2026-05-12 17:00:01] Dihapus: doc_6a02de4aa1bc66.63523763_page223.jpg (usia: 119 menit, ukuran: 36.66 KB)
[2026-05-12 17:00:01] Dihapus: doc_6a02de4aa1bc66.63523763_page224.jpg (usia: 119 menit, ukuran: 36.66 KB)
[2026-05-12 17:00:01] Dihapus: doc_6a02de4aa1bc66.63523763_page225.jpg (usia: 119 menit, ukuran: 36.66 KB)
[2026-05-12 17:00:01] Dihapus: doc_6a02de4aa1bc66.63523763_page226.jpg (usia: 119 menit, ukuran: 36.66 KB)
[2026-05-12 17:00:01] Dihapus: doc_6a02de4aa1bc66.63523763_page227.jpg (usia: 119 menit, ukuran: 36.66 KB)
[2026-05-12 17:00:01] Dihapus: doc_6a02de4aa1bc66.63523763_page228.jpg (usia: 119 menit, ukuran: 36.66 KB)
[2026-05-12 17:00:01] Dihapus: doc_6a02de4aa1bc66.63523763_page229.jpg (usia: 119 menit, ukuran: 36.66 KB)
[2026-05-12 17:00:01] Dihapus: doc_6a02de4aa1bc66.63523763_page23.jpg (usia: 119 menit, ukuran: 583.91 KB)
[2026-05-12 17:00:01] Dihapus: doc_6a02de4aa1bc66.63523763_page24.jpg (usia: 119 menit, ukuran: 584.41 KB)
[2026-05-12 17:00:01] Dihapus: doc_6a02de4aa1bc66.63523763_page25.jpg (usia: 119 menit, ukuran: 583.77 KB)
[2026-05-12 17:00:01] Dihapus: doc_6a02de4aa1bc66.63523763_page26.jpg (usia: 119 menit, ukuran: 579.64 KB)
[2026-05-12 17:00:01] Dihapus: doc_6a02de4aa1bc66.63523763_page27.jpg (usia: 119 menit, ukuran: 580.04 KB)
[2026-05-12 17:00:01] Dihapus: doc_6a02de4aa1bc66.63523763_page28.jpg (usia: 119 menit, ukuran: 581.7 KB)
[2026-05-12 17:00:01] Dihapus: doc_6a02de4aa1bc66.63523763_page29.jpg (usia: 119 menit, ukuran: 582.98 KB)
[2026-05-12 17:00:01] Dihapus: doc_6a02de4aa1bc66.63523763_page3.jpg (usia: 119 menit, ukuran: 577.55 KB)
[2026-05-12 17:00:01] Dihapus: doc_6a02de4aa1bc66.63523763_page30.jpg (usia: 119 menit, ukuran: 584 KB)
[2026-05-12 17:00:01] Dihapus: doc_6a02de4aa1bc66.63523763_page31.jpg (usia: 119 menit, ukuran: 581.45 KB)
[2026-05-12 17:00:01] Dihapus: doc_6a02de4aa1bc66.63523763_page32.jpg (usia: 119 menit, ukuran: 581.17 KB)
[2026-05-12 17:00:01] Dihapus: doc_6a02de4aa1bc66.63523763_page33.jpg (usia: 119 menit, ukuran: 578.15 KB)
[2026-05-12 17:00:01] Dihapus: doc_6a02de4aa1bc66.63523763_page34.jpg (usia: 119 menit, ukuran: 573.02 KB)
[2026-05-12 17:00:01] Dihapus: doc_6a02de4aa1bc66.63523763_page35.jpg (usia: 119 menit, ukuran: 576.12 KB)
[2026-05-12 17:00:01] Dihapus: doc_6a02de4aa1bc66.63523763_page36.jpg (usia: 119 menit, ukuran: 583.4 KB)
[2026-05-12 17:00:01] Dihapus: doc_6a02de4aa1bc66.63523763_page37.jpg (usia: 119 menit, ukuran: 584.44 KB)
[2026-05-12 17:00:01] Dihapus: doc_6a02de4aa1bc66.63523763_page38.jpg (usia: 119 menit, ukuran: 582.55 KB)
[2026-05-12 17:00:01] Dihapus: doc_6a02de4aa1bc66.63523763_page39.jpg (usia: 119 menit, ukuran: 583.46 KB)
[2026-05-12 17:00:01] Dihapus: doc_6a02de4aa1bc66.63523763_page4.jpg (usia: 119 menit, ukuran: 585.09 KB)
[2026-05-12 17:00:01] Dihapus: doc_6a02de4aa1bc66.63523763_page40.jpg (usia: 119 menit, ukuran: 554.28 KB)
[2026-05-12 17:00:01] Dihapus: doc_6a02de4aa1bc66.63523763_page41.jpg (usia: 119 menit, ukuran: 551.54 KB)
[2026-05-12 17:00:01] Dihapus: doc_6a02de4aa1bc66.63523763_page42.jpg (usia: 119 menit, ukuran: 576.64 KB)
[2026-05-12 17:00:01] Dihapus: doc_6a02de4aa1bc66.63523763_page43.jpg (usia: 119 menit, ukuran: 573.38 KB)
[2026-05-12 17:00:01] Dihapus: doc_6a02de4aa1bc66.63523763_page44.jpg (usia: 119 menit, ukuran: 581.33 KB)
[2026-05-12 17:00:01] Dihapus: doc_6a02de4aa1bc66.63523763_page45.jpg (usia: 119 menit, ukuran: 576.44 KB)
[2026-05-12 17:00:01] Dihapus: doc_6a02de4aa1bc66.63523763_page46.jpg (usia: 119 menit, ukuran: 581.42 KB)
[2026-05-12 17:00:01] Dihapus: doc_6a02de4aa1bc66.63523763_page47.jpg (usia: 119 menit, ukuran: 578.34 KB)
[2026-05-12 17:00:01] Dihapus: doc_6a02de4aa1bc66.63523763_page48.jpg (usia: 119 menit, ukuran: 580.38 KB)
[2026-05-12 17:00:01] Dihapus: doc_6a02de4aa1bc66.63523763_page49.jpg (usia: 119 menit, ukuran: 568.75 KB)
[2026-05-12 17:00:01] Dihapus: doc_6a02de4aa1bc66.63523763_page5.jpg (usia: 119 menit, ukuran: 577.96 KB)
[2026-05-12 17:00:01] Dihapus: doc_6a02de4aa1bc66.63523763_page50.jpg (usia: 119 menit, ukuran: 576.35 KB)
[2026-05-12 17:00:01] Dihapus: doc_6a02de4aa1bc66.63523763_page51.jpg (usia: 119 menit, ukuran: 588.39 KB)
[2026-05-12 17:00:01] Dihapus: doc_6a02de4aa1bc66.63523763_page52.jpg (usia: 119 menit, ukuran: 582.36 KB)
[2026-05-12 17:00:01] Dihapus: doc_6a02de4aa1bc66.63523763_page53.jpg (usia: 119 menit, ukuran: 578.51 KB)
[2026-05-12 17:00:01] Dihapus: doc_6a02de4aa1bc66.63523763_page54.jpg (usia: 119 menit, ukuran: 587.31 KB)
[2026-05-12 17:00:01] Dihapus: doc_6a02de4aa1bc66.63523763_page55.jpg (usia: 119 menit, ukuran: 577.15 KB)
[2026-05-12 17:00:01] Dihapus: doc_6a02de4aa1bc66.63523763_page56.jpg (usia: 119 menit, ukuran: 586.24 KB)
[2026-05-12 17:00:01] Dihapus: doc_6a02de4aa1bc66.63523763_page57.jpg (usia: 119 menit, ukuran: 585.26 KB)
[2026-05-12 17:00:01] Dihapus: doc_6a02de4aa1bc66.63523763_page58.jpg (usia: 119 menit, ukuran: 585.64 KB)
[2026-05-12 17:00:01] Dihapus: doc_6a02de4aa1bc66.63523763_page59.jpg (usia: 119 menit, ukuran: 582.73 KB)
[2026-05-12 17:00:01] Dihapus: doc_6a02de4aa1bc66.63523763_page6.jpg (usia: 119 menit, ukuran: 580.68 KB)
[2026-05-12 17:00:01] Dihapus: doc_6a02de4aa1bc66.63523763_page60.jpg (usia: 119 menit, ukuran: 585.55 KB)
[2026-05-12 17:00:01] Dihapus: doc_6a02de4aa1bc66.63523763_page61.jpg (usia: 119 menit, ukuran: 593.5 KB)
[2026-05-12 17:00:01] Dihapus: doc_6a02de4aa1bc66.63523763_page62.jpg (usia: 119 menit, ukuran: 588.56 KB)
[2026-05-12 17:00:01] Dihapus: doc_6a02de4aa1bc66.63523763_page63.jpg (usia: 119 menit, ukuran: 285.29 KB)
[2026-05-12 17:00:01] Dihapus: doc_6a02de4aa1bc66.63523763_page64.jpg (usia: 119 menit, ukuran: 440.33 KB)
[2026-05-12 17:00:01] Dihapus: doc_6a02de4aa1bc66.63523763_page65.jpg (usia: 119 menit, ukuran: 393.52 KB)
[2026-05-12 17:00:01] Dihapus: doc_6a02de4aa1bc66.63523763_page66.jpg (usia: 119 menit, ukuran: 406.31 KB)
[2026-05-12 17:00:01] Dihapus: doc_6a02de4aa1bc66.63523763_page67.jpg (usia: 119 menit, ukuran: 412.72 KB)
[2026-05-12 17:00:01] Dihapus: doc_6a02de4aa1bc66.63523763_page68.jpg (usia: 119 menit, ukuran: 399.18 KB)
[2026-05-12 17:00:01] Dihapus: doc_6a02de4aa1bc66.63523763_page69.jpg (usia: 119 menit, ukuran: 398.5 KB)
[2026-05-12 17:00:01] Dihapus: doc_6a02de4aa1bc66.63523763_page7.jpg (usia: 119 menit, ukuran: 578.16 KB)
[2026-05-12 17:00:01] Dihapus: doc_6a02de4aa1bc66.63523763_page70.jpg (usia: 119 menit, ukuran: 427.85 KB)
[2026-05-12 17:00:01] Dihapus: doc_6a02de4aa1bc66.63523763_page71.jpg (usia: 119 menit, ukuran: 404 KB)
[2026-05-12 17:00:01] Dihapus: doc_6a02de4aa1bc66.63523763_page72.jpg (usia: 119 menit, ukuran: 396.65 KB)
[2026-05-12 17:00:01] Dihapus: doc_6a02de4aa1bc66.63523763_page73.jpg (usia: 119 menit, ukuran: 391.67 KB)
[2026-05-12 17:00:01] Dihapus: doc_6a02de4aa1bc66.63523763_page74.jpg (usia: 119 menit, ukuran: 410.69 KB)
[2026-05-12 17:00:01] Dihapus: doc_6a02de4aa1bc66.63523763_page75.jpg (usia: 119 menit, ukuran: 401.53 KB)
[2026-05-12 17:00:01] Dihapus: doc_6a02de4aa1bc66.63523763_page76.jpg (usia: 119 menit, ukuran: 396.96 KB)
[2026-05-12 17:00:01] Dihapus: doc_6a02de4aa1bc66.63523763_page77.jpg (usia: 119 menit, ukuran: 399.27 KB)
[2026-05-12 17:00:01] Dihapus: doc_6a02de4aa1bc66.63523763_page78.jpg (usia: 119 menit, ukuran: 406.05 KB)
[2026-05-12 17:00:01] Dihapus: doc_6a02de4aa1bc66.63523763_page79.jpg (usia: 119 menit, ukuran: 426.21 KB)
[2026-05-12 17:00:01] Dihapus: doc_6a02de4aa1bc66.63523763_page8.jpg (usia: 119 menit, ukuran: 579.17 KB)
[2026-05-12 17:00:01] Dihapus: doc_6a02de4aa1bc66.63523763_page80.jpg (usia: 119 menit, ukuran: 415.36 KB)
[2026-05-12 17:00:01] Dihapus: doc_6a02de4aa1bc66.63523763_page81.jpg (usia: 119 menit, ukuran: 390.08 KB)
[2026-05-12 17:00:01] Dihapus: doc_6a02de4aa1bc66.63523763_page82.jpg (usia: 119 menit, ukuran: 390.21 KB)
[2026-05-12 17:00:01] Dihapus: doc_6a02de4aa1bc66.63523763_page83.jpg (usia: 119 menit, ukuran: 402.06 KB)
[2026-05-12 17:00:01] Dihapus: doc_6a02de4aa1bc66.63523763_page84.jpg (usia: 119 menit, ukuran: 414.08 KB)
[2026-05-12 17:00:01] Dihapus: doc_6a02de4aa1bc66.63523763_page85.jpg (usia: 119 menit, ukuran: 428.42 KB)
[2026-05-12 17:00:01] Dihapus: doc_6a02de4aa1bc66.63523763_page86.jpg (usia: 119 menit, ukuran: 477.44 KB)
[2026-05-12 17:00:01] Dihapus: doc_6a02de4aa1bc66.63523763_page87.jpg (usia: 119 menit, ukuran: 466.42 KB)
[2026-05-12 17:00:01] Dihapus: doc_6a02de4aa1bc66.63523763_page88.jpg (usia: 119 menit, ukuran: 459.57 KB)
[2026-05-12 17:00:01] Dihapus: doc_6a02de4aa1bc66.63523763_page89.jpg (usia: 119 menit, ukuran: 448.05 KB)
[2026-05-12 17:00:01] Dihapus: doc_6a02de4aa1bc66.63523763_page9.jpg (usia: 119 menit, ukuran: 584.82 KB)
[2026-05-12 17:00:01] Dihapus: doc_6a02de4aa1bc66.63523763_page90.jpg (usia: 119 menit, ukuran: 397.9 KB)
[2026-05-12 17:00:01] Dihapus: doc_6a02de4aa1bc66.63523763_page91.jpg (usia: 119 menit, ukuran: 401.32 KB)
[2026-05-12 17:00:01] Dihapus: doc_6a02de4aa1bc66.63523763_page92.jpg (usia: 119 menit, ukuran: 433.11 KB)
[2026-05-12 17:00:01] Dihapus: doc_6a02de4aa1bc66.63523763_page93.jpg (usia: 119 menit, ukuran: 416.09 KB)
[2026-05-12 17:00:01] Dihapus: doc_6a02de4aa1bc66.63523763_page94.jpg (usia: 119 menit, ukuran: 405.52 KB)
[2026-05-12 17:00:01] Dihapus: doc_6a02de4aa1bc66.63523763_page95.jpg (usia: 119 menit, ukuran: 410.14 KB)
[2026-05-12 17:00:01] Dihapus: doc_6a02de4aa1bc66.63523763_page96.jpg (usia: 119 menit, ukuran: 397.98 KB)
[2026-05-12 17:00:01] Dihapus: doc_6a02de4aa1bc66.63523763_page97.jpg (usia: 119 menit, ukuran: 392.93 KB)
[2026-05-12 17:00:01] Dihapus: doc_6a02de4aa1bc66.63523763_page98.jpg (usia: 119 menit, ukuran: 401.06 KB)
[2026-05-12 17:00:01] Dihapus: doc_6a02de4aa1bc66.63523763_page99.jpg (usia: 119 menit, ukuran: 421.11 KB)
[2026-05-12 17:00:01] Dihapus: doc_6a02de64ccdee6.16710452_p1.jpg (usia: 118 menit, ukuran: 1.09 MB)
[2026-05-12 17:00:01] Dihapus: doc_6a02de7027d339.35891742_p1.jpg (usia: 118 menit, ukuran: 103.37 KB)
[2026-05-12 17:00:01] Dihapus: doc_6a02e43d5786c0.71446404_page1.jpg (usia: 93 menit, ukuran: 142.22 KB)
[2026-05-12 17:00:01] Dihapus: doc_6a02e43d5786c0.71446404_page2.jpg (usia: 93 menit, ukuran: 226.64 KB)
[2026-05-12 17:00:01] Dihapus: doc_6a02e858004de1.77527837_p1.jpg (usia: 76 menit, ukuran: 2.56 MB)
[2026-05-12 17:00:01] Selesai. Dihapus: 240 file (113.97 MB) | Dilewati: 0 | Error: 0
[2026-05-12 18:00:01] Memulai cleanup. Max-age: 3600 detik (60 menit).
[2026-05-12 18:00:01] Selesai. Dihapus: 0 file (0 B) | Dilewati: 8 | Error: 0
[2026-05-12 19:00:01] Memulai cleanup. Max-age: 3600 detik (60 menit).
[2026-05-12 19:00:01] Dihapus: doc_6a0306e62038b8.64995049.jpg (usia: 66 menit, ukuran: 3.43 MB)
[2026-05-12 19:00:01] Dihapus: doc_6a0307321877e4.45672661.jpg (usia: 64 menit, ukuran: 3.43 MB)
[2026-05-12 19:00:01] Dihapus: doc_6a030732cb37b5.98418133.jpg (usia: 64 menit, ukuran: 3 MB)
[2026-05-12 19:00:01] Dihapus: doc_6a0307e5b5def2.13491861.jpg (usia: 61 menit, ukuran: 3.84 MB)
[2026-05-12 19:00:01] Dihapus: doc_6a0306e62038b8.64995049_p1.jpg (usia: 66 menit, ukuran: 4.69 MB)
[2026-05-12 19:00:01] Dihapus: doc_6a0307321877e4.45672661_p1.jpg (usia: 64 menit, ukuran: 1.29 MB)
[2026-05-12 19:00:01] Dihapus: doc_6a030732cb37b5.98418133_p1.jpg (usia: 64 menit, ukuran: 2.64 MB)
[2026-05-12 19:00:01] Dihapus: doc_6a0307e5b5def2.13491861_p1.jpg (usia: 61 menit, ukuran: 432.18 KB)
[2026-05-12 19:00:01] Selesai. Dihapus: 8 file (22.74 MB) | Dilewati: 0 | Error: 0
[2026-05-12 20:00:01] Memulai cleanup. Max-age: 3600 detik (60 menit).
[2026-05-12 20:00:01] Selesai. Dihapus: 0 file (0 B) | Dilewati: 121 | Error: 0
[2026-05-12 21:00:01] Memulai cleanup. Max-age: 3600 detik (60 menit).
[2026-05-12 21:00:01] Dihapus: doc_6a0317b0eab061.80302912.jpg (usia: 114 menit, ukuran: 3.52 MB)
[2026-05-12 21:00:01] Dihapus: doc_6a03194e42a5f1.10159797.pdf (usia: 107 menit, ukuran: 213.13 KB)
[2026-05-12 21:00:01] Dihapus: doc_6a031b47bbe389.68110945.pdf (usia: 99 menit, ukuran: 213.13 KB)
[2026-05-12 21:00:01] Dihapus: doc_6a031d917afcf9.88732155.pdf (usia: 89 menit, ukuran: 213.13 KB)
[2026-05-12 21:00:01] Dihapus: doc_6a031e1e251608.52809616.jpg (usia: 86 menit, ukuran: 274.71 KB)
[2026-05-12 21:00:01] Dihapus: doc_6a031e24ada3e1.80167951.jpg (usia: 86 menit, ukuran: 272.19 KB)
[2026-05-12 21:00:01] Dihapus: doc_6a031e2cb08b14.52652023.jpg (usia: 86 menit, ukuran: 244.25 KB)
[2026-05-12 21:00:01] Dihapus: doc_6a031e33be0646.86761931.jpg (usia: 86 menit, ukuran: 290.52 KB)
[2026-05-12 21:00:01] Dihapus: doc_6a031e3af2b470.08054195.jpg (usia: 86 menit, ukuran: 271.04 KB)
[2026-05-12 21:00:01] Dihapus: doc_6a031e42af57e4.12574190.jpg (usia: 86 menit, ukuran: 297.27 KB)
[2026-05-12 21:00:01] Dihapus: doc_6a031e4cbe1f26.19151404.jpg (usia: 86 menit, ukuran: 325.08 KB)
[2026-05-12 21:00:01] Dihapus: doc_6a031e55c5a251.19806309.jpg (usia: 86 menit, ukuran: 388.35 KB)
[2026-05-12 21:00:01] Dihapus: doc_6a031e619c1965.95557764.png (usia: 85 menit, ukuran: 113.22 KB)
[2026-05-12 21:00:01] Dihapus: doc_6a031e6ba7bcf5.04899989.png (usia: 85 menit, ukuran: 109.22 KB)
[2026-05-12 21:00:01] Dihapus: doc_6a031e76a6a512.11308911.png (usia: 85 menit, ukuran: 116.89 KB)
[2026-05-12 21:00:01] Dihapus: doc_6a031e80d6ee63.52668532.png (usia: 85 menit, ukuran: 128.75 KB)
[2026-05-12 21:00:01] Dihapus: doc_6a031e8b0688e5.64281185.png (usia: 85 menit, ukuran: 158.13 KB)
[2026-05-12 21:00:01] Dihapus: doc_6a031e9a9fe630.51485552.png (usia: 84 menit, ukuran: 102.37 KB)
[2026-05-12 21:00:01] Dihapus: doc_6a031ea3cb6f15.64669869.png (usia: 84 menit, ukuran: 106.78 KB)
[2026-05-12 21:00:01] Dihapus: doc_6a031eaedd1f82.22665444.png (usia: 84 menit, ukuran: 98.21 KB)
[2026-05-12 21:00:01] Dihapus: doc_6a031eb70477d0.00741692.jpg (usia: 84 menit, ukuran: 274.71 KB)
[2026-05-12 21:00:01] Dihapus: doc_6a031ebeb20b65.44949539.jpg (usia: 84 menit, ukuran: 272.19 KB)
[2026-05-12 21:00:01] Dihapus: doc_6a031ec5eaa8b6.99028893.jpg (usia: 84 menit, ukuran: 244.25 KB)
[2026-05-12 21:00:01] Dihapus: doc_6a031eceae07d6.56427601.jpg (usia: 84 menit, ukuran: 290.52 KB)
[2026-05-12 21:00:01] Dihapus: doc_6a031ed3719024.37182785.png (usia: 83 menit, ukuran: 113.22 KB)
[2026-05-12 21:00:01] Dihapus: doc_6a031f1e8ce857.09901124.jpg (usia: 82 menit, ukuran: 271.04 KB)
[2026-05-12 21:00:01] Dihapus: doc_6a031fc6107382.60991210.png (usia: 79 menit, ukuran: 109.22 KB)
[2026-05-12 21:00:01] Dihapus: doc_6a031fd6ef1bc0.84504450.jpg (usia: 79 menit, ukuran: 297.27 KB)
[2026-05-12 21:00:01] Dihapus: doc_6a0320ecc753f6.92122969.jpg (usia: 74 menit, ukuran: 325.08 KB)
[2026-05-12 21:00:01] Dihapus: doc_6a0320ecc9ebf9.75611679.png (usia: 74 menit, ukuran: 116.89 KB)
[2026-05-12 21:00:01] Dihapus: doc_6a0322480dc597.66896638.jpg (usia: 69 menit, ukuran: 388.35 KB)
[2026-05-12 21:00:01] Dihapus: doc_6a03224896cf47.81655309.png (usia: 69 menit, ukuran: 128.75 KB)
[2026-05-12 21:00:01] Dihapus: doc_6a0322a04ee5c4.46651095.jpg (usia: 67 menit, ukuran: 466.75 KB)
[2026-05-12 21:00:01] Dihapus: doc_6a03233eca4cb2.27723069.pdf (usia: 65 menit, ukuran: 169.59 KB)
[2026-05-12 21:00:01] Dihapus: doc_6a03238b7de636.85684341.pdf (usia: 63 menit, ukuran: 169.59 KB)
[2026-05-12 21:00:01] Dihapus: doc_6a0323b0989f63.28608572.pdf (usia: 63 menit, ukuran: 225.09 KB)
[2026-05-12 21:00:01] Dihapus: Daftar_Nilai_Ujian_page-0001_ocr.txt (usia: 67 menit, ukuran: 977 B)
[2026-05-12 21:00:01] Dihapus: Daftar_Nilai_Ujian_page-0001_page1.jpg (usia: 67 menit, ukuran: 213.43 KB)
[2026-05-12 21:00:01] Dihapus: Daftar_Nilai_Ujian_page1.jpg (usia: 65 menit, ukuran: 270.77 KB)
[2026-05-12 21:00:01] Dihapus: Daftar_Nilai_Ujian_page1.png (usia: 63 menit, ukuran: 33.09 KB)
[2026-05-12 21:00:01] Dihapus: RANCANGAN_AKTIVITAS_TUTORIAL_MKWN4110_revisi_page1.jpg (usia: 89 menit, ukuran: 274.71 KB)
[2026-05-12 21:00:01] Dihapus: RANCANGAN_AKTIVITAS_TUTORIAL_MKWN4110_revisi_page1.png (usia: 107 menit, ukuran: 102.37 KB)
[2026-05-12 21:00:01] Dihapus: RANCANGAN_AKTIVITAS_TUTORIAL_MKWN4110_revisi_page1_ocr.txt (usia: 84 menit, ukuran: 1.19 KB)
[2026-05-12 21:00:01] Dihapus: RANCANGAN_AKTIVITAS_TUTORIAL_MKWN4110_revisi_page1_page1.png (usia: 84 menit, ukuran: 149.45 KB)
[2026-05-12 21:00:01] Dihapus: RANCANGAN_AKTIVITAS_TUTORIAL_MKWN4110_revisi_page2.jpg (usia: 89 menit, ukuran: 272.19 KB)
[2026-05-12 21:00:01] Dihapus: RANCANGAN_AKTIVITAS_TUTORIAL_MKWN4110_revisi_page2.png (usia: 107 menit, ukuran: 106.78 KB)
[2026-05-12 21:00:01] Dihapus: RANCANGAN_AKTIVITAS_TUTORIAL_MKWN4110_revisi_page2_ocr.txt (usia: 84 menit, ukuran: 1.22 KB)
[2026-05-12 21:00:01] Dihapus: RANCANGAN_AKTIVITAS_TUTORIAL_MKWN4110_revisi_page2_page1.png (usia: 84 menit, ukuran: 151.87 KB)
[2026-05-12 21:00:01] Dihapus: RANCANGAN_AKTIVITAS_TUTORIAL_MKWN4110_revisi_page3.jpg (usia: 89 menit, ukuran: 244.25 KB)
[2026-05-12 21:00:01] Dihapus: RANCANGAN_AKTIVITAS_TUTORIAL_MKWN4110_revisi_page3.png (usia: 107 menit, ukuran: 98.21 KB)
[2026-05-12 21:00:01] Dihapus: RANCANGAN_AKTIVITAS_TUTORIAL_MKWN4110_revisi_page3_ocr.txt (usia: 84 menit, ukuran: 1 KB)
[2026-05-12 21:00:01] Dihapus: RANCANGAN_AKTIVITAS_TUTORIAL_MKWN4110_revisi_page3_page1.png (usia: 84 menit, ukuran: 131.74 KB)
[2026-05-12 21:00:01] Dihapus: RANCANGAN_AKTIVITAS_TUTORIAL_MKWN4110_revisi_page4.jpg (usia: 89 menit, ukuran: 290.52 KB)
[2026-05-12 21:00:01] Dihapus: RANCANGAN_AKTIVITAS_TUTORIAL_MKWN4110_revisi_page4.png (usia: 107 menit, ukuran: 113.22 KB)
[2026-05-12 21:00:01] Dihapus: RANCANGAN_AKTIVITAS_TUTORIAL_MKWN4110_revisi_page4_ocr.txt (usia: 79 menit, ukuran: 1.32 KB)
[2026-05-12 21:00:01] Dihapus: RANCANGAN_AKTIVITAS_TUTORIAL_MKWN4110_revisi_page4_page1.jpg (usia: 83 menit, ukuran: 656.78 KB)
[2026-05-12 21:00:01] Dihapus: RANCANGAN_AKTIVITAS_TUTORIAL_MKWN4110_revisi_page4_page1.png (usia: 84 menit, ukuran: 161.74 KB)
[2026-05-12 21:00:01] Dihapus: RANCANGAN_AKTIVITAS_TUTORIAL_MKWN4110_revisi_page5.jpg (usia: 89 menit, ukuran: 271.04 KB)
[2026-05-12 21:00:01] Dihapus: RANCANGAN_AKTIVITAS_TUTORIAL_MKWN4110_revisi_page5.png (usia: 107 menit, ukuran: 109.22 KB)
[2026-05-12 21:00:01] Dihapus: RANCANGAN_AKTIVITAS_TUTORIAL_MKWN4110_revisi_page5_ocr.txt (usia: 74 menit, ukuran: 1.2 KB)
[2026-05-12 21:00:01] Dihapus: RANCANGAN_AKTIVITAS_TUTORIAL_MKWN4110_revisi_page5_page1.jpg (usia: 79 menit, ukuran: 618.91 KB)
[2026-05-12 21:00:01] Dihapus: RANCANGAN_AKTIVITAS_TUTORIAL_MKWN4110_revisi_page5_page1.png (usia: 82 menit, ukuran: 151.26 KB)
[2026-05-12 21:00:01] Dihapus: RANCANGAN_AKTIVITAS_TUTORIAL_MKWN4110_revisi_page6.jpg (usia: 89 menit, ukuran: 297.27 KB)
[2026-05-12 21:00:01] Dihapus: RANCANGAN_AKTIVITAS_TUTORIAL_MKWN4110_revisi_page6.png (usia: 107 menit, ukuran: 116.89 KB)
[2026-05-12 21:00:01] Dihapus: RANCANGAN_AKTIVITAS_TUTORIAL_MKWN4110_revisi_page6_ocr.txt (usia: 69 menit, ukuran: 1.33 KB)
[2026-05-12 21:00:01] Dihapus: RANCANGAN_AKTIVITAS_TUTORIAL_MKWN4110_revisi_page6_page1.jpg (usia: 74 menit, ukuran: 683.75 KB)
[2026-05-12 21:00:01] Dihapus: RANCANGAN_AKTIVITAS_TUTORIAL_MKWN4110_revisi_page6_page1.png (usia: 79 menit, ukuran: 165.44 KB)
[2026-05-12 21:00:01] Dihapus: RANCANGAN_AKTIVITAS_TUTORIAL_MKWN4110_revisi_page7.jpg (usia: 89 menit, ukuran: 325.08 KB)
[2026-05-12 21:00:01] Dihapus: RANCANGAN_AKTIVITAS_TUTORIAL_MKWN4110_revisi_page7.png (usia: 107 menit, ukuran: 128.75 KB)
[2026-05-12 21:00:01] Dihapus: RANCANGAN_AKTIVITAS_TUTORIAL_MKWN4110_revisi_page7_ocr.txt (usia: 69 menit, ukuran: 1.61 KB)
[2026-05-12 21:00:01] Dihapus: RANCANGAN_AKTIVITAS_TUTORIAL_MKWN4110_revisi_page7_page1.jpg (usia: 69 menit, ukuran: 773.76 KB)
[2026-05-12 21:00:01] Dihapus: RANCANGAN_AKTIVITAS_TUTORIAL_MKWN4110_revisi_page7_page1.png (usia: 74 menit, ukuran: 181.17 KB)
[2026-05-12 21:00:01] Dihapus: RANCANGAN_AKTIVITAS_TUTORIAL_MKWN4110_revisi_page8.jpg (usia: 89 menit, ukuran: 388.35 KB)
[2026-05-12 21:00:01] Dihapus: RANCANGAN_AKTIVITAS_TUTORIAL_MKWN4110_revisi_page8.png (usia: 107 menit, ukuran: 158.13 KB)
[2026-05-12 21:00:01] Dihapus: RANCANGAN_AKTIVITAS_TUTORIAL_MKWN4110_revisi_page8_ocr.txt (usia: 84 menit, ukuran: 2.17 KB)
[2026-05-12 21:00:01] Dihapus: RANCANGAN_AKTIVITAS_TUTORIAL_MKWN4110_revisi_page8_page1.png (usia: 69 menit, ukuran: 222.76 KB)
[2026-05-12 21:00:01] Dihapus: UT___Sistem_Informasi_Akademik_page1.png (usia: 63 menit, ukuran: 52.97 KB)
[2026-05-12 21:00:01] Dihapus: UT___Sistem_Informasi_Akademik_page2.png (usia: 63 menit, ukuran: 11.56 KB)
[2026-05-12 21:00:01] Dihapus: doc_6a0317b0eab061.80302912_page1.png (usia: 113 menit, ukuran: 13.35 MB)
[2026-05-12 21:00:01] Dihapus: doc_6a031b47bbe389.68110945_ocr.txt (usia: 98 menit, ukuran: 10.87 KB)
[2026-05-12 21:00:01] Dihapus: doc_6a031b47bbe389.68110945_page1.jpg (usia: 99 menit, ukuran: 274.71 KB)
[2026-05-12 21:00:01] Dihapus: doc_6a031b47bbe389.68110945_page2.jpg (usia: 99 menit, ukuran: 272.19 KB)
[2026-05-12 21:00:01] Dihapus: doc_6a031b47bbe389.68110945_page3.jpg (usia: 99 menit, ukuran: 244.25 KB)
[2026-05-12 21:00:01] Dihapus: doc_6a031b47bbe389.68110945_page4.jpg (usia: 99 menit, ukuran: 290.52 KB)
[2026-05-12 21:00:01] Dihapus: doc_6a031b47bbe389.68110945_page5.jpg (usia: 99 menit, ukuran: 271.04 KB)
[2026-05-12 21:00:01] Dihapus: doc_6a031b47bbe389.68110945_page6.jpg (usia: 99 menit, ukuran: 297.27 KB)
[2026-05-12 21:00:01] Dihapus: doc_6a031b47bbe389.68110945_page7.jpg (usia: 99 menit, ukuran: 325.08 KB)
[2026-05-12 21:00:01] Dihapus: doc_6a031b47bbe389.68110945_page8.jpg (usia: 99 menit, ukuran: 388.35 KB)
[2026-05-12 21:00:01] Dihapus: doc_6a031d917afcf9.88732155_ocr.txt (usia: 88 menit, ukuran: 10.87 KB)
[2026-05-12 21:00:01] Dihapus: doc_6a031e1e251608.52809616_ocr.txt (usia: 86 menit, ukuran: 1.19 KB)
[2026-05-12 21:00:01] Dihapus: doc_6a031e24ada3e1.80167951_ocr.txt (usia: 86 menit, ukuran: 1.22 KB)
[2026-05-12 21:00:01] Dihapus: doc_6a031e2cb08b14.52652023_ocr.txt (usia: 86 menit, ukuran: 1 KB)
[2026-05-12 21:00:01] Dihapus: doc_6a031e33be0646.86761931_ocr.txt (usia: 86 menit, ukuran: 1.25 KB)
[2026-05-12 21:00:01] Dihapus: doc_6a031e3af2b470.08054195_ocr.txt (usia: 86 menit, ukuran: 1.09 KB)
[2026-05-12 21:00:01] Dihapus: doc_6a031e42af57e4.12574190_ocr.txt (usia: 86 menit, ukuran: 1.33 KB)
[2026-05-12 21:00:01] Dihapus: doc_6a031e4cbe1f26.19151404_ocr.txt (usia: 86 menit, ukuran: 1.61 KB)
[2026-05-12 21:00:01] Dihapus: doc_6a031e55c5a251.19806309_ocr.txt (usia: 85 menit, ukuran: 2.17 KB)
[2026-05-12 21:00:01] Dihapus: doc_6a031e619c1965.95557764_ocr.txt (usia: 85 menit, ukuran: 1.33 KB)
[2026-05-12 21:00:01] Dihapus: doc_6a031e6ba7bcf5.04899989_ocr.txt (usia: 85 menit, ukuran: 1.2 KB)
[2026-05-12 21:00:01] Dihapus: doc_6a031e76a6a512.11308911_ocr.txt (usia: 85 menit, ukuran: 1.33 KB)
[2026-05-12 21:00:01] Dihapus: doc_6a031e80d6ee63.52668532_ocr.txt (usia: 85 menit, ukuran: 1.61 KB)
[2026-05-12 21:00:01] Dihapus: doc_6a031e8b0688e5.64281185_ocr.txt (usia: 85 menit, ukuran: 2.17 KB)
[2026-05-12 21:00:01] Dihapus: doc_6a031e9a9fe630.51485552_ocr.txt (usia: 84 menit, ukuran: 1.2 KB)
[2026-05-12 21:00:01] Dihapus: doc_6a031ea3cb6f15.64669869_ocr.txt (usia: 84 menit, ukuran: 1.22 KB)
[2026-05-12 21:00:01] Dihapus: doc_6a031eaedd1f82.22665444_ocr.txt (usia: 84 menit, ukuran: 1.04 KB)
[2026-05-12 21:00:01] Dihapus: doc_6a031eb70477d0.00741692_ocr.txt (usia: 84 menit, ukuran: 1.19 KB)
[2026-05-12 21:00:01] Dihapus: doc_6a031ebeb20b65.44949539_ocr.txt (usia: 84 menit, ukuran: 1.22 KB)
[2026-05-12 21:00:01] Dihapus: doc_6a031ec5eaa8b6.99028893_ocr.txt (usia: 84 menit, ukuran: 1 KB)
[2026-05-12 21:00:01] Dihapus: doc_6a031eceae07d6.56427601_ocr.txt (usia: 83 menit, ukuran: 1.25 KB)
[2026-05-12 21:00:01] Dihapus: doc_6a031ed3719024.37182785_ocr.txt (usia: 81 menit, ukuran: 1.32 KB)
[2026-05-12 21:00:01] Dihapus: doc_6a031f1e8ce857.09901124_ocr.txt (usia: 80 menit, ukuran: 1.09 KB)
[2026-05-12 21:00:01] Dihapus: doc_6a031fc6107382.60991210_ocr.txt (usia: 77 menit, ukuran: 1.2 KB)
[2026-05-12 21:00:01] Dihapus: doc_6a031fd6ef1bc0.84504450_ocr.txt (usia: 77 menit, ukuran: 1.33 KB)
[2026-05-12 21:00:01] Dihapus: doc_6a0320ecc753f6.92122969_ocr.txt (usia: 72 menit, ukuran: 1.61 KB)
[2026-05-12 21:00:01] Dihapus: doc_6a0320ecc9ebf9.75611679_ocr.txt (usia: 71 menit, ukuran: 1.33 KB)
[2026-05-12 21:00:01] Dihapus: doc_6a0322480dc597.66896638_ocr_RANCANGAN_AKTIVITAS_TUTORIAL_MKWN4110_revisi_page8_page1.txt (usia: 69 menit, ukuran: 0 B)
[2026-05-12 21:00:01] Dihapus: doc_6a03224896cf47.81655309_ocr_RANCANGAN_AKTIVITAS_TUTORIAL_MKWN4110_revisi_page7_page1.txt (usia: 69 menit, ukuran: 0 B)
[2026-05-12 21:00:01] Dihapus: doc_6a0322a04ee5c4.46651095_ocr.txt (usia: 67 menit, ukuran: 977 B)
[2026-05-12 21:00:01] Dihapus: doc_6a03233eca4cb2.27723069_ocr.txt (usia: 65 menit, ukuran: 2.1 KB)
[2026-05-12 21:00:01] Dihapus: doc_6a03238b7de636.85684341_ocr.txt (usia: 63 menit, ukuran: 1.15 KB)
[2026-05-12 21:00:01] Dihapus: doc_6a0323b0989f63.28608572_ocr.txt (usia: 63 menit, ukuran: 2.25 KB)
[2026-05-12 21:00:01] Selesai. Dihapus: 121 file (34.61 MB) | Dilewati: 42 | Error: 0
